practice_code,gpps_overall_pct,gpps_contact_pct,gpps_responses
A84002,93.1,94.0,64
A84005,90.5,84.9,120
A84006,85.8,72.9,177
A84007,80.3,64.1,92
A84008,92.4,92.7,47
A84009,70.9,59.5,196
A84011,85.4,82.1,76
A84013,77.2,81.3,51
A84014,83.0,76.3,118
A84016,91.0,83.4,65
A84018,94.6,96.3,75
A84020,76.4,71.1,65
A84022,62.6,55.0,83
A84024,88.6,86.5,99
A84025,91.4,89.0,53
A84026,83.2,73.2,83
A84027,90.1,95.5,33
A84028,77.8,72.5,161
A84029,82.5,81.4,41
A84030,93.3,88.8,113
A84031,97.5,88.9,114
A84033,93.0,98.4,58
A84034,92.9,80.9,56
A84035,92.7,97.5,59
A84036,73.6,60.4,374
A84037,91.8,90.4,59
A84038,89.3,92.7,85
A84039,85.6,85.3,66
A84040,94.0,94.9,35
A84042,94.3,92.6,23
A84044,47.7,45.4,36
A84045,91.2,89.3,52
A84047,92.8,88.3,54
A84604,96.3,92.4,52
A84614,93.7,98.4,22
A84619,86.4,78.0,39
A88001,87.2,72.4,32
A88002,78.1,70.8,135
A88003,89.9,85.9,215
A88004,82.9,78.3,77
A88005,73.8,77.6,33
A88006,85.0,81.8,69
A88008,79.4,75.5,54
A88009,75.2,79.3,47
A88010,88.2,79.3,32
A88012,61.6,70.8,38
A88013,72.1,70.4,140
A88014,76.9,65.1,24
A88015,82.2,77.0,63
A88016,91.2,81.8,79
A88022,74.9,71.4,83
A88023,56.9,58.0,32
A88025,79.0,75.8,37
A88601,88.8,95.7,41
A88608,85.9,83.8,53
A88613,79.0,67.1,34
A89001,68.4,61.1,95
A89002,83.1,85.3,62
A89004,85.4,78.4,105
A89005,94.7,90.4,57
A89006,83.1,75.9,67
A89007,79.4,75.2,84
A89008,58.1,52.8,32
A89009,88.0,85.9,87
A89010,84.5,76.1,109
A89011,92.2,82.2,45
A89012,78.0,77.7,93
A89013,80.6,90.4,50
A89015,89.4,86.2,90
A89016,79.1,71.6,80
A89017,81.6,69.9,123
A89018,85.5,87.4,48
A89019,71.9,67.5,108
A89020,82.4,81.4,76
A89021,85.6,77.4,75
A89022,73.2,72.1,40
A89023,89.3,87.6,77
A89024,86.3,90.9,70
A89025,79.8,65.3,81
A89026,69.6,63.7,53
A89027,92.7,80.3,60
A89028,84.9,78.2,67
A89030,84.9,88.2,59
A89031,95.4,91.3,72
A89032,77.6,66.4,75
A89034,75.4,82.4,34
A89035,96.4,93.5,101
A89036,82.2,70.7,18
A89040,79.8,79.8,40
A89041,87.5,88.1,71
A89614,65.9,65.4,31
A89616,93.9,91.8,28
A89617,80.4,89.6,31
A89623,90.3,86.5,28
Y01262,,,-97
P81005,71.7,59.8,87
P81022,90.6,82.6,102
P81051,89.1,86.1,134
P81058,75.4,78.3,75
P81061,82.8,84.0,38
P81125,83.8,79.4,85
P81140,79.1,75.7,126
P81155,75.3,70.6,45
P81167,65.3,60.5,36
P81214,79.2,73.4,36
P81622,65.0,60.4,71
P81633,87.0,88.8,35
P81683,62.9,58.7,46
P81694,58.0,55.9,30
P81704,69.7,67.1,75
P81707,72.8,70.8,37
P81709,84.0,86.9,47
P81721,90.3,90.4,23
P81724,76.0,68.7,20
P81734,78.4,59.2,147
P81771,54.4,58.2,51
Y02657,73.0,65.4,57
P81016,76.6,70.2,96
P81042,60.9,60.0,93
P81043,84.4,84.7,59
P81054,71.0,66.9,69
P81063,54.8,48.5,64
P81066,73.2,71.0,60
P81072,66.5,61.2,98
P81073,79.4,82.0,114
P81074,75.7,74.6,108
P81081,89.8,87.1,58
P81092,86.7,85.8,74
P81115,74.3,65.6,126
P81159,81.0,73.0,104
P81172,80.5,76.2,100
P81681,76.8,73.4,109
P81714,86.2,86.0,52
Y05788,28.9,29.9,2
P82001,82.9,75.8,85
P82002,87.0,81.6,64
P82003,70.8,74.0,111
P82004,81.0,80.3,76
P82005,77.1,66.3,57
P82006,89.0,87.0,96
P82007,78.3,77.7,105
P82008,73.7,75.3,106
P82009,87.3,90.3,66
P82010,77.8,73.0,60
P82011,88.5,85.4,63
P82012,81.4,77.6,54
P82013,81.1,79.0,30
P82014,81.5,79.1,55
P82015,70.5,62.4,148
P82016,72.2,73.9,91
P82018,67.0,58.8,48
P82020,84.7,79.3,39
P82021,70.1,67.5,49
P82022,84.8,85.1,45
P82023,79.2,77.0,73
P82025,86.5,86.8,39
P82029,87.1,92.7,31
P82030,78.5,78.9,30
P82031,79.1,75.8,85
P82033,89.2,95.9,18
P82034,95.5,93.0,40
P82036,73.6,72.2,22
P82037,72.2,78.0,34
P82607,98.1,92.5,58
P82609,68.6,66.2,39
P82613,78.4,71.2,40
P82616,69.3,67.1,24
P82624,85.9,84.5,29
P82625,71.8,65.6,15
P82626,81.0,82.7,40
P82627,86.3,76.6,36
P82629,93.0,95.6,19
P82633,71.6,74.3,17
P82634,74.6,73.4,29
P82640,61.4,55.0,30
P82643,92.1,85.1,70
P82652,88.7,79.2,37
P82660,61.1,62.1,21
Y00186,65.8,76.1,10
Y02319,78.2,76.7,55
Y02790,81.2,86.5,54
Y03079,71.3,68.3,112
Y03366,75.7,70.5,39
P83001,73.4,74.2,104
P83004,72.2,59.6,57
P83005,71.7,81.2,35
P83006,65.3,59.0,55
P83007,87.5,83.1,94
P83009,79.0,73.4,64
P83010,63.9,63.7,24
P83011,83.5,79.3,63
P83012,66.9,70.0,330
P83015,70.2,67.7,55
P83017,60.5,66.9,43
P83021,80.2,73.5,80
P83024,78.7,66.4,36
P83025,68.3,67.2,52
P83027,76.9,78.8,15
P83603,66.6,54.0,65
P83605,58.9,55.9,44
P83608,71.2,66.9,48
P83609,89.7,85.7,36
P83611,76.3,69.9,32
P83612,73.2,68.1,41
P83620,91.8,86.7,53
P83621,76.0,75.5,23
P83623,67.1,69.4,33
Y02755,55.0,52.5,49
P81010,95.7,96.1,57
P81033,79.8,76.9,67
P81038,71.9,66.2,72
P81044,81.6,77.0,141
P81057,89.3,72.4,132
P81062,88.1,82.6,71
P81076,81.3,84.3,90
P81082,81.0,79.8,92
P81083,80.1,69.6,73
P81117,81.1,86.3,46
P81127,77.0,72.0,74
P81143,87.1,84.6,105
P81154,90.5,84.6,77
P81171,95.6,89.3,47
P81180,74.0,70.4,25
P81181,97.4,91.9,53
P81186,75.1,64.0,36
P81655,87.6,89.8,96
P81687,91.0,92.8,20
P81692,74.1,88.8,16
P81701,82.5,79.3,26
P81740,71.5,63.4,82
P81741,72.0,70.0,17
Y00347,97.2,95.9,56
Y02466,74.8,71.6,85
P85002,85.9,76.2,57
P85003,63.2,63.3,35
P85004,88.7,84.9,53
P85005,95.1,92.3,94
P85007,76.6,80.6,30
P85010,69.6,60.7,100
P85011,88.4,75.8,111
P85012,79.1,70.9,43
P85013,67.5,68.3,149
P85014,76.5,67.9,49
P85015,74.1,67.6,52
P85016,69.0,63.8,103
P85017,79.1,74.1,77
P85018,76.2,70.4,33
P85019,72.1,71.9,49
P85020,51.2,49.9,36
P85021,60.9,45.1,57
P85022,58.2,58.9,29
P85026,65.3,63.5,107
P85601,73.8,63.3,22
P85605,82.2,85.5,59
P85606,91.0,94.8,58
P85608,86.8,77.3,22
P85610,75.3,69.5,59
P85612,65.9,52.9,25
P85614,75.0,72.2,36
P85615,64.4,70.5,70
P85622,59.0,50.5,57
P89006,90.1,78.1,107
Y02753,81.8,61.2,44
Y02827,80.2,63.4,38
Y02875,72.6,56.6,32
Y02933,81.7,82.0,65
P81003,81.9,67.0,76
P81008,79.4,82.3,59
P81017,87.6,82.5,137
P81020,61.7,46.6,152
P81025,58.8,46.4,76
P81027,79.6,82.6,122
P81032,77.0,65.0,109
P81035,70.2,74.6,55
P81036,78.3,72.1,141
P81047,79.5,61.4,131
P81053,72.5,72.7,61
P81065,59.2,57.2,92
P81069,79.3,78.9,98
P81070,79.3,69.9,64
P81078,77.4,73.0,97
P81088,79.3,70.9,56
P81095,68.8,55.2,58
P81099,88.4,87.7,98
P81100,92.4,88.3,148
P81118,82.3,82.9,81
P81123,47.0,32.5,59
P81130,72.4,64.2,102
P81132,81.2,76.3,79
P81137,73.9,69.2,51
P81147,71.0,69.9,36
P81160,74.6,61.5,116
P81165,65.9,63.6,18
P81166,64.1,61.5,15
P81170,65.1,49.2,65
P81182,50.5,43.4,31
P81197,64.4,67.5,32
P81212,90.7,88.8,57
P81218,65.5,57.7,40
P81620,98.8,98.7,16
P81686,80.4,88.8,20
P81699,78.7,80.8,19
P81711,,,-97
P81726,65.5,67.5,10
P81730,77.5,76.7,72
P81731,61.8,54.8,16
P81732,80.4,88.5,39
P81736,79.9,71.8,31
P81755,58.5,56.2,52
P81757,89.3,84.0,34
P81780,66.9,55.1,36
Y02605,61.0,49.1,21
Y02606,74.0,67.4,43
P86001,95.4,92.1,80
P86002,96.2,89.2,18
P86003,76.1,69.0,85
P86004,75.4,67.2,68
P86005,80.8,73.8,50
P86006,84.4,75.8,142
P86007,76.7,68.0,104
P86008,75.7,62.4,75
P86009,79.9,69.9,83
P86010,82.4,80.9,70
P86011,77.2,75.9,67
P86012,71.9,64.4,62
P86013,73.4,70.4,45
P86014,44.9,41.0,34
P86015,86.7,70.8,52
P86016,66.7,63.9,58
P86017,63.9,46.7,28
P86018,87.3,87.8,78
P86019,83.7,82.7,85
P86021,90.3,90.9,35
P86022,90.4,80.0,83
P86023,87.7,87.0,83
P86026,76.2,74.1,58
P86602,81.7,86.8,28
P86606,88.1,89.0,36
P86608,94.0,84.0,42
P86609,76.5,76.6,18
P86614,62.4,68.7,28
P86619,67.5,64.3,41
P86620,85.7,79.5,24
P86624,92.6,94.6,42
Y00726,88.9,80.2,48
Y02718,91.8,87.6,40
Y02720,91.7,85.4,38
Y02721,86.0,91.6,38
Y02795,81.2,75.1,40
P81015,91.5,84.5,126
P81018,79.9,78.0,68
P81040,84.6,81.5,94
P81046,74.5,76.3,51
P81055,94.9,95.3,142
P81067,68.6,67.6,89
P81071,86.6,83.4,60
P81103,70.8,60.3,83
P81107,85.2,68.9,72
P81119,81.5,82.8,88
P81169,85.5,85.4,60
P81179,83.2,79.9,56
P81184,82.7,84.4,72
P81185,74.3,66.8,84
P81196,82.7,77.6,291
P81213,79.6,85.1,152
P81647,77.8,76.2,34
P81664,72.7,71.6,130
P81685,73.4,72.2,32
P81735,67.3,66.6,21
P81748,76.3,75.1,58
P81770,67.6,68.5,51
N81011,74.7,52.3,112
N81019,82.8,82.9,125
N81035,71.3,60.2,91
N81037,73.9,67.7,63
N81045,67.2,59.1,97
N81054,67.3,74.7,62
N81057,65.5,70.9,89
N81064,64.8,60.1,46
N81066,72.4,65.9,110
N81072,59.4,62.3,48
N81096,78.9,74.0,71
N81119,72.9,75.7,37
N81619,71.7,78.8,27
N81651,76.5,62.9,27
P87002,83.8,81.1,100
P87004,78.9,79.0,127
P87008,63.4,68.1,57
P87015,72.8,67.7,60
P87016,83.9,78.9,118
P87017,81.8,88.5,42
P87019,87.5,82.9,113
P87020,92.2,87.4,149
P87022,81.2,85.6,19
P87024,83.7,79.0,97
P87025,88.0,85.2,90
P87026,82.7,80.2,108
P87027,79.0,74.9,164
P87028,88.1,86.5,85
P87032,87.7,91.0,57
P87035,81.5,81.9,101
P87040,83.0,72.4,74
P87610,75.6,68.9,97
P87613,84.5,77.1,37
P87620,71.8,63.1,69
P87624,85.2,78.1,43
P87625,83.7,79.2,22
P87627,79.4,87.0,27
P87630,86.3,85.3,26
P87634,80.5,77.7,92
P87639,87.3,81.7,38
P87648,76.8,59.1,41
P87649,89.5,82.5,56
P87654,77.4,75.7,89
P87657,88.5,93.6,38
P87658,77.6,78.9,28
P87661,83.3,89.6,18
Y00445,73.6,69.5,137
Y02622,75.1,71.5,138
Y02625,77.8,,2
Y02767,76.3,74.4,48
A82004,89.4,92.1,22
A82006,90.7,91.6,50
A82012,76.0,68.7,137
A82013,84.3,85.9,59
A82014,93.1,97.9,44
A82015,62.7,56.2,87
A82016,80.2,75.9,334
A82018,89.4,88.3,127
A82020,56.6,56.1,88
A82021,73.7,70.4,144
A82022,74.0,77.2,40
A82023,87.4,81.3,59
A82024,84.9,80.7,54
A82028,78.9,78.6,72
A82029,91.8,89.7,35
A82031,97.6,93.2,35
A82032,62.0,59.8,89
A82035,82.4,73.8,128
A82036,82.9,79.6,100
A82037,91.8,87.6,44
A82038,82.6,84.8,40
A82041,70.6,54.0,103
A82044,68.2,68.2,163
A82045,77.1,78.5,73
A82047,65.8,57.1,227
A82055,96.2,93.4,73
A82064,82.5,74.6,55
A82075,87.8,82.5,70
A82617,87.3,86.2,26
A82620,100.0,97.9,10
A82631,82.5,80.9,33
A82646,85.2,84.2,34
A82654,80.8,87.2,66
N83009,80.2,68.3,98
N83013,92.9,85.4,46
N83014,73.4,67.7,77
N83018,73.6,55.4,65
N83024,69.0,67.4,56
N83025,75.6,61.6,109
N83028,63.3,56.4,140
N83030,84.5,79.9,45
N83031,66.5,55.5,19
N83032,86.7,81.7,105
N83033,71.0,64.1,41
N83043,83.1,77.6,34
N83047,93.3,92.4,51
N83601,83.6,81.0,64
N83603,86.2,85.6,66
N83605,77.2,62.4,48
N83608,58.4,32.7,91
N83609,89.7,80.9,43
N83610,82.1,87.2,20
N83619,95.9,91.7,49
N83621,78.5,67.4,23
N83622,83.3,75.3,21
N83633,89.6,92.6,35
A82003,83.4,85.4,107
A82005,90.6,90.5,59
A82007,76.8,68.7,91
A82008,66.2,56.1,84
A82009,72.6,67.4,69
A82010,87.9,87.2,63
A82025,95.2,93.1,118
A82026,75.6,78.2,139
A82027,88.2,85.6,95
A82030,94.5,95.0,66
A82033,86.3,78.6,72
A82039,81.7,74.7,75
A82046,96.6,94.5,51
A82053,93.7,92.1,78
A82062,86.0,76.9,56
A82068,89.2,75.5,45
A82070,90.1,89.9,66
A82071,84.3,80.0,37
A82072,59.1,58.6,45
A82608,93.3,94.6,44
A82613,95.2,94.7,10
A82629,61.9,60.0,20
A82647,96.0,96.0,35
A82650,95.2,95.7,31
A82651,84.6,84.2,45
B82061,92.1,92.2,74
P81002,83.0,76.9,575
P81013,75.1,70.1,125
P81029,82.5,80.0,214
P81113,85.1,80.4,69
Y01008,77.2,74.1,431
N84001,85.9,81.2,81
N84002,78.0,80.1,20
N84003,74.3,64.8,81
N84004,60.6,51.3,47
N84007,92.5,89.7,60
N84010,83.1,78.8,49
N84011,85.8,70.4,60
N84015,82.7,65.7,50
N84016,64.7,55.2,38
N84019,53.4,46.9,35
N84020,85.7,76.5,95
N84023,73.1,74.0,59
N84025,78.7,68.0,83
N84027,68.6,69.1,39
N84028,83.3,81.1,65
N84029,58.9,54.0,34
N84034,82.0,65.8,64
N84035,46.1,47.7,18
N84038,81.0,67.8,49
N84041,83.0,76.0,51
N84605,50.5,45.4,42
N84615,74.4,78.5,26
N84621,48.2,38.2,40
N84626,55.6,40.7,11
Y00446,66.4,52.5,22
N84005,80.2,74.3,104
N84006,83.1,78.7,104
N84008,78.0,65.5,80
N84012,91.3,78.7,112
N84013,82.3,83.7,94
N84014,85.8,88.7,34
N84017,78.2,69.4,78
N84018,87.3,78.4,137
N84021,61.5,51.6,106
N84024,97.3,89.0,101
N84613,93.4,87.8,45
N84614,91.8,83.5,32
N84617,77.9,85.5,41
N84625,78.3,79.3,47
P88002,96.2,91.8,64
P88003,97.2,95.8,97
P88005,81.6,69.8,96
P88006,91.0,94.8,107
P88007,90.9,90.5,135
P88008,85.1,82.7,75
P88009,79.5,81.0,26
P88011,87.4,82.4,95
P88012,91.9,83.1,76
P88013,89.0,84.7,116
P88014,91.8,88.3,46
P88015,88.8,89.0,113
P88016,70.6,68.0,99
P88017,89.6,86.6,62
P88018,75.5,67.4,77
P88019,81.5,74.1,45
P88020,78.8,71.5,93
P88021,90.1,91.3,65
P88023,78.1,73.9,58
P88024,87.1,83.8,89
P88025,92.7,83.9,100
P88026,75.8,67.9,417
P88031,93.7,93.4,56
P88041,94.5,91.0,80
P88042,85.4,80.8,59
P88043,86.3,84.1,79
P88044,93.8,92.3,52
P88606,89.9,89.3,52
P88615,92.3,93.3,33
P88623,98.7,98.2,79
P88625,88.7,84.6,73
P88632,75.7,67.5,137
N83001,78.6,71.1,116
N83002,78.5,81.3,95
N83003,88.3,86.3,67
N83005,73.4,73.4,66
N83006,79.2,76.6,28
N83007,90.5,93.8,30
N83008,75.3,54.1,62
N83010,89.6,92.2,66
N83012,86.7,84.2,94
N83017,95.2,94.7,62
N83019,92.8,81.2,76
N83020,63.4,49.8,116
N83021,70.0,66.8,56
N83023,64.9,71.9,78
N83026,93.1,85.1,26
N83027,77.7,74.4,53
N83035,80.4,73.5,60
N83041,96.9,91.3,49
N83045,62.6,47.8,62
N83049,97.7,95.8,44
N83050,67.1,55.8,33
N83053,82.0,74.0,77
N83054,86.5,81.9,37
N83614,87.7,84.7,54
N83620,93.0,86.9,35
N83637,84.5,83.9,29
Y00475,78.4,78.9,43
Y02510,78.1,67.0,53
P89002,64.4,71.0,130
P89003,52.5,44.5,53
P89004,93.0,89.5,62
P89005,89.3,87.7,75
P89007,86.4,87.8,70
P89008,69.1,60.9,122
P89010,80.8,67.4,64
P89011,49.7,47.1,25
P89012,75.6,76.2,53
P89013,49.6,46.2,23
P89014,78.6,72.2,100
P89015,67.7,59.5,148
P89016,79.4,76.9,66
P89018,68.5,62.4,58
P89020,76.6,70.1,57
P89021,75.5,73.4,85
P89022,89.8,86.0,30
P89023,93.8,89.9,58
P89025,87.0,84.4,26
P89026,89.7,92.5,60
P89029,82.8,78.1,64
P89030,80.6,67.3,33
P89602,75.9,66.1,30
P89609,84.9,87.9,40
P89612,81.9,76.5,19
P89613,72.2,79.1,25
P89618,75.6,73.7,23
Y02586,63.3,49.6,29
Y02663,69.5,65.2,27
Y02713,60.5,59.0,26
Y02936,83.0,75.0,27
P91003,82.9,76.9,67
P91004,82.9,75.8,70
P91006,80.2,81.8,109
P91007,95.9,96.2,61
P91008,87.1,73.7,56
P91009,86.7,78.6,97
P91011,91.5,89.9,51
P91012,83.2,87.0,65
P91013,90.4,91.8,103
P91014,87.5,84.4,143
P91016,71.3,61.3,65
P91017,82.9,88.7,70
P91018,70.5,70.0,104
P91019,63.3,63.9,23
P91020,74.3,69.5,67
P91021,78.2,79.5,122
P91026,78.3,73.1,50
P91029,80.7,75.8,98
P91035,85.9,90.5,114
P91603,81.3,73.3,62
P91604,88.4,79.1,149
P91617,89.6,94.7,21
P91623,95.2,94.3,74
P91627,82.1,76.5,71
P91629,77.5,63.8,119
P91631,95.5,100.0,34
N81007,81.0,76.6,87
N81012,84.1,73.6,104
N81014,83.9,75.2,81
N81020,77.2,66.3,104
N81028,77.3,74.2,72
N81036,84.1,84.0,74
N81041,73.5,64.4,67
N81048,68.0,62.6,89
N81056,70.2,52.9,69
N81059,80.9,79.0,105
N81065,64.5,67.2,51
N81075,73.9,67.1,129
N81083,72.7,75.9,37
N81089,63.6,63.4,54
N81097,76.5,88.8,37
N81107,86.2,90.7,32
N81108,55.1,56.6,61
N81109,77.8,83.5,56
N81114,72.1,61.1,79
N81122,67.8,56.3,75
N81623,62.1,60.0,60
N81628,82.3,83.5,102
N81637,80.9,85.9,25
N81645,58.6,49.7,13
Y01108,77.1,76.7,31
Y04925,55.7,53.4,43
Y06620,,,-97
P81014,80.7,73.8,83
P81039,88.1,82.9,49
P81041,71.9,76.6,73
P81045,90.7,85.4,46
P81084,94.7,84.8,83
P81096,95.9,91.6,72
P81112,64.8,71.7,111
P81136,85.9,83.5,27
P81138,84.8,84.5,29
P81201,75.4,72.9,46
P81208,67.9,68.9,124
P81646,69.2,75.5,30
P81674,89.0,85.2,54
P81695,92.8,86.3,62
P81710,82.2,76.8,88
P92001,80.2,83.5,48
P92002,75.9,68.6,42
P92003,89.6,87.5,89
P92004,66.3,75.5,50
P92005,99.3,98.1,45
P92006,90.5,91.3,57
P92007,81.2,80.5,53
P92008,75.5,66.6,69
P92010,80.2,75.4,97
P92011,84.2,85.8,71
P92012,89.0,86.5,42
P92014,60.7,59.1,83
P92015,83.7,79.1,54
P92016,86.1,82.5,172
P92017,90.4,85.3,128
P92019,97.3,90.4,100
P92020,89.4,88.6,46
P92021,92.5,89.6,57
P92023,75.9,79.2,71
P92024,87.7,81.7,46
P92026,79.3,78.4,60
P92028,86.1,84.6,42
P92029,61.8,56.3,27
P92030,94.7,93.9,44
P92031,90.9,93.7,42
P92033,78.4,77.8,39
P92034,95.2,90.1,57
P92038,88.6,88.7,29
P92041,67.9,71.1,59
P92042,85.1,77.3,80
P92602,85.1,89.6,21
P92605,68.3,59.4,55
P92607,90.4,94.1,74
P92615,90.5,85.0,45
P92620,77.9,73.6,61
P92621,91.7,86.6,41
P92626,91.6,91.1,59
P92630,61.5,60.2,18
P92633,80.9,81.6,29
P92634,95.8,91.2,47
P92635,73.7,72.6,16
P92637,88.5,82.7,36
P92639,77.7,81.3,25
P92642,91.3,83.6,51
P92646,82.5,85.3,30
P92647,96.2,95.0,64
P92648,84.6,86.0,49
P92651,81.0,78.2,47
Y00050,76.8,81.7,53
Y02274,69.5,65.3,25
Y02321,86.0,83.3,46
Y02322,70.1,71.4,64
Y02378,84.5,86.4,56
Y02885,83.6,86.3,32
Y02886,74.6,69.8,33
Y07697,,,-97
P81006,89.7,83.4,195
P81031,63.3,58.5,47
P81037,75.5,73.1,104
P81059,59.6,57.3,49
P81077,70.8,58.4,84
P81079,88.5,82.0,121
P81086,66.6,62.6,65
P81087,80.5,71.0,101
P81089,86.7,76.4,111
P81128,74.3,75.8,76
P81129,87.0,85.1,108
P81133,91.5,82.4,88
P81149,84.3,84.8,81
P81150,73.2,68.9,96
P81157,72.9,69.9,89
P81191,73.3,81.8,78
P81668,76.8,78.8,50
P81742,86.9,90.5,25
C85001,66.4,59.5,31
C85003,91.1,86.2,121
C85004,83.2,70.1,142
C85005,64.9,49.9,49
C85006,85.7,86.4,50
C85007,74.8,64.2,83
C85008,90.8,70.0,123
C85009,90.2,86.6,67
C85010,78.7,59.0,136
C85013,78.2,71.7,88
C85014,73.5,68.7,73
C85016,77.7,67.0,88
C85017,67.8,61.4,82
C85018,66.9,70.6,48
C85019,79.2,79.5,93
C85020,73.1,64.8,94
C85022,77.8,60.2,104
C85023,53.9,46.9,63
C85024,80.3,65.8,54
C85028,67.7,91.9,27
C85030,75.5,64.9,78
C85033,72.7,73.2,85
C85614,85.0,92.8,39
C85619,80.5,78.1,68
C85622,89.5,83.4,21
C85623,90.3,85.2,51
Y00411,65.1,59.0,76
Y04809,75.1,82.7,18
Y05248,81.1,80.4,27
Y05363,83.1,80.5,25
Y05364,83.6,78.5,29
C84001,47.3,41.9,147
C84008,93.7,93.5,60
C84013,79.3,79.9,131
C84024,66.7,54.7,211
C84035,72.5,64.1,85
C84094,72.7,71.3,176
C84101,71.9,67.2,29
C84692,84.6,87.3,25
Y05346,44.6,47.2,15
B84001,60.7,58.1,63
B84003,77.5,69.8,65
B84004,87.5,90.3,175
B84006,70.1,65.4,117
B84007,92.5,84.7,103
B84008,85.7,76.3,146
B84009,71.9,67.3,86
B84010,46.5,44.7,48
B84011,71.7,67.0,85
B84012,58.2,53.7,165
B84013,82.7,80.8,78
B84014,93.4,93.4,53
B84016,74.5,63.6,87
B84019,71.5,61.0,120
B84021,87.4,72.2,77
B84612,62.8,60.0,57
B84613,74.7,76.9,75
B84618,67.4,71.2,54
B84623,97.6,96.2,50
C86001,75.1,68.2,128
C86002,79.0,63.7,65
C86003,78.6,74.4,78
C86005,54.9,48.8,27
C86006,100.0,93.1,107
C86007,95.3,92.2,176
C86009,80.8,76.4,64
C86011,75.1,66.6,107
C86012,80.8,78.1,47
C86013,60.2,54.4,56
C86015,68.6,62.8,58
C86016,72.4,59.0,68
C86017,74.2,85.8,119
C86018,52.8,53.9,54
C86019,65.6,58.1,110
C86020,73.0,72.7,64
C86021,70.0,65.5,45
C86023,87.0,83.7,122
C86024,89.6,78.4,110
C86025,78.3,72.4,53
C86026,76.6,74.5,38
C86029,69.5,78.5,101
C86032,68.3,71.8,39
C86033,76.9,72.5,39
C86034,65.9,58.8,67
C86037,54.8,61.2,50
C86038,84.1,83.3,81
C86605,74.4,70.0,57
C86609,68.9,55.1,140
C86611,85.4,86.2,59
C86614,72.2,50.6,70
C86616,64.8,66.1,24
C86621,69.7,61.5,32
C86625,71.9,69.4,12
C86626,80.9,73.4,23
Y05167,66.3,63.0,85
B81004,86.0,77.0,117
B81006,50.1,38.5,63
B81009,55.9,56.6,51
B81013,75.3,76.9,70
B81024,81.2,74.3,94
B81025,83.3,79.2,303
B81029,92.1,90.1,115
B81034,91.5,86.3,113
B81037,71.4,65.3,111
B81041,88.1,87.7,58
B81042,75.2,75.2,109
B81051,95.1,89.8,112
B81061,90.2,90.6,452
B81068,72.3,69.9,132
B81069,77.1,81.3,243
B81082,91.5,78.9,63
B81088,76.5,75.3,67
B81092,65.9,57.7,83
B81100,90.5,91.6,40
B81101,75.0,70.6,188
B81619,74.7,68.4,20
B81653,72.9,66.3,58
B81666,97.7,99.5,27
B81008,75.1,65.6,286
B81011,78.1,67.7,83
B81017,56.4,43.7,95
B81018,73.8,72.3,67
B81020,86.7,87.5,76
B81027,68.8,59.4,55
B81032,75.1,74.0,45
B81035,58.6,54.0,43
B81038,75.3,57.5,63
B81040,75.8,72.3,118
B81046,82.0,74.9,72
B81047,73.3,80.7,57
B81048,74.2,67.1,430
B81054,87.0,75.3,75
B81074,61.3,54.9,76
B81075,85.6,84.4,35
B81085,71.8,67.6,263
B81097,54.8,58.0,15
B81104,76.8,76.0,63
B81112,80.4,78.4,106
B81119,68.1,67.4,43
B81616,87.5,99.0,26
B81631,85.8,86.1,40
B81635,78.5,81.1,31
B81645,61.3,50.7,14
B81003,80.6,77.6,109
B81012,90.5,83.1,31
B81015,82.3,85.4,143
B81016,85.2,80.0,86
B81030,83.2,71.6,216
B81031,72.6,75.8,161
B81039,71.3,73.9,255
B81087,87.0,90.5,71
B81091,96.1,91.4,53
B81108,81.5,82.8,38
B81606,70.4,77.5,30
B81642,85.7,86.5,39
B81655,97.7,94.9,32
B81656,77.2,73.0,49
B81663,66.9,66.0,19
B81665,81.0,75.2,20
B81697,97.0,96.9,28
Y01948,73.8,70.4,19
Y02684,83.2,76.8,30
B81005,70.0,79.0,126
B81007,73.0,71.3,78
B81022,78.8,76.6,107
B81026,69.6,57.5,145
B81043,87.5,84.4,141
B81045,75.6,74.9,98
B81063,85.1,80.7,68
B81064,84.5,77.9,91
B81090,79.6,74.0,39
B81099,73.0,63.8,82
B81109,54.4,48.7,132
B81113,92.0,95.3,94
B81118,73.8,62.8,57
B81617,64.5,57.5,61
B81628,98.0,97.1,29
B81647,85.1,80.9,27
B81648,91.5,82.6,16
C87002,66.5,51.0,146
C87003,79.2,65.4,90
C87004,80.0,71.5,99
C87005,84.3,79.4,165
C87006,82.5,88.4,124
C87007,78.2,61.6,97
C87008,85.1,83.8,142
C87009,74.5,70.1,81
C87010,85.2,95.3,39
C87012,72.9,68.0,113
C87013,88.4,87.6,59
C87014,87.5,80.2,79
C87015,78.7,75.3,55
C87016,76.6,71.0,98
C87017,59.9,53.3,79
C87018,86.0,73.1,70
C87020,77.6,84.7,43
C87022,88.1,89.2,75
C87024,77.2,64.9,31
C87029,78.8,80.8,100
C87030,86.8,79.3,86
C87031,85.6,92.3,34
C87603,67.2,61.6,28
C87604,77.6,76.4,48
C87608,72.6,68.5,40
C87616,88.7,79.0,57
C87620,79.1,60.6,57
C87622,82.8,82.7,83
C88005,74.8,75.6,124
C88006,85.8,84.3,49
C88007,72.0,70.2,216
C88008,48.9,42.4,67
C88009,74.9,61.1,46
C88010,70.1,59.3,106
C88011,71.4,67.3,33
C88014,80.5,77.5,74
C88015,73.3,65.3,142
C88016,89.7,88.2,125
C88018,87.5,91.1,83
C88019,72.0,69.1,60
C88020,74.3,69.2,55
C88021,92.6,78.6,73
C88022,92.3,91.2,50
C88023,72.8,66.3,74
C88025,81.8,77.5,78
C88026,76.8,72.2,107
C88027,79.9,74.0,37
C88028,88.9,85.6,91
C88030,84.2,75.7,71
C88031,92.2,87.5,128
C88032,76.0,73.4,45
C88034,90.3,86.5,87
C88035,75.8,72.3,76
C88036,76.3,83.5,80
C88037,69.7,60.4,101
C88038,56.3,61.7,37
C88039,81.6,73.8,74
C88040,90.0,90.5,58
C88041,85.7,73.5,112
C88043,78.8,76.0,88
C88044,94.7,90.7,53
C88045,82.5,73.2,77
C88046,75.2,72.2,52
C88047,78.2,63.2,61
C88048,80.4,73.8,61
C88049,83.6,82.1,52
C88050,80.9,71.5,31
C88051,47.9,38.4,36
C88052,83.3,86.1,93
C88053,90.8,94.4,37
C88054,75.3,75.4,62
C88059,75.0,87.9,21
C88060,77.2,70.8,38
C88062,87.3,86.6,41
C88069,61.4,54.0,93
C88070,78.4,70.3,59
C88072,68.7,53.4,86
C88073,70.3,63.1,39
C88074,83.9,77.6,45
C88076,71.3,73.6,70
C88077,73.5,72.4,56
C88078,73.7,77.9,54
C88079,77.3,73.0,67
C88082,79.2,79.1,54
C88083,88.3,92.3,24
C88084,57.8,55.5,18
C88085,80.8,76.0,77
C88086,70.4,64.1,17
C88087,89.2,84.4,82
C88088,93.4,89.8,66
C88090,81.7,70.6,66
C88091,68.1,65.0,15
C88092,85.1,77.8,88
C88095,83.5,65.3,50
C88622,78.1,85.1,23
C88627,78.4,86.1,326
C88631,84.1,77.1,13
C88647,67.5,62.1,75
C88648,93.1,89.4,70
C88652,93.5,96.3,38
C88655,77.0,74.8,9
Y05349,74.1,71.8,44
B81036,94.6,92.3,185
B82005,70.4,63.0,420
B82021,89.4,87.6,94
B82026,67.9,69.2,230
B82047,73.8,79.3,137
B82071,85.7,80.5,67
B82080,77.1,63.5,152
B82081,85.9,83.8,65
B82083,73.9,63.8,350
B82098,92.2,80.1,267
B82100,92.6,82.4,85
B87001,86.6,84.8,89
B87002,64.8,53.4,70
B87003,94.2,95.5,107
B87004,86.0,89.3,100
B87005,75.5,66.0,91
B87006,83.1,73.1,90
B87007,72.7,76.2,116
B87008,77.0,58.7,103
B87009,84.8,76.2,55
B87011,64.2,57.7,88
B87012,74.8,70.4,73
B87013,89.5,84.5,135
B87015,72.5,65.2,56
B87016,82.4,79.9,207
B87017,64.9,66.2,186
B87018,88.0,83.4,104
B87019,64.5,70.7,49
B87020,79.8,64.8,114
B87021,73.0,70.7,94
B87022,77.0,77.7,66
B87025,79.1,77.0,67
B87026,83.6,72.6,124
B87027,75.2,72.1,108
B87028,94.9,82.9,106
B87030,65.7,52.8,202
B87031,72.4,57.8,166
B87032,95.0,89.2,77
B87033,96.1,94.5,55
B87036,73.6,76.6,31
B87039,68.8,65.1,103
B87042,65.1,49.6,36
B87044,63.8,55.5,16
B87602,83.1,85.2,31
B87604,73.6,78.5,20
Y08186,,,-97
C82001,71.1,70.6,186
C82002,89.7,87.1,103
C82009,63.9,58.8,195
C82010,72.1,63.5,114
C82013,88.1,84.7,120
C82016,86.4,83.3,100
C82021,67.1,68.1,50
C82022,77.4,66.1,59
C82025,74.5,72.8,84
C82038,50.8,51.5,196
C82039,45.1,43.2,49
C82042,87.3,87.1,117
C82044,93.2,85.2,91
C82048,82.4,80.6,43
C82055,86.2,80.9,129
C82056,67.4,66.4,97
C82066,72.7,65.8,124
C82067,63.6,61.0,57
C82068,91.9,80.1,119
C82071,87.2,75.4,127
C82077,78.7,81.3,104
C82078,81.3,73.0,103
C82079,79.8,65.9,55
C82098,80.0,73.2,60
C82109,90.3,84.3,49
C82112,60.7,56.5,57
C82611,89.4,87.8,63
C82631,86.2,69.8,61
C82649,66.7,68.5,40
Y03584,,,-97
C82005,64.3,58.2,70
C82008,48.7,47.9,41
C82018,63.8,43.7,92
C82019,75.8,71.8,43
C82020,57.3,49.0,134
C82024,59.7,54.0,128
C82030,83.4,80.3,61
C82031,81.6,77.6,115
C82033,61.5,51.3,69
C82037,72.3,70.3,80
C82046,75.9,61.0,129
C82053,57.7,51.0,62
C82059,75.7,78.4,14
C82060,73.3,45.1,29
C82063,60.7,51.1,77
C82073,69.2,64.3,99
C82080,78.5,80.7,36
C82084,70.3,62.7,27
C82086,81.7,66.8,84
C82088,68.9,65.9,73
C82092,80.4,79.4,38
C82094,81.0,76.4,54
C82099,53.3,47.6,24
C82100,73.7,67.6,44
C82107,69.9,64.9,55
C82114,92.7,90.5,24
C82116,72.6,65.6,39
C82119,76.4,77.0,26
C82124,74.8,78.0,207
C82610,77.5,72.6,47
C82614,63.1,58.5,27
C82620,69.9,60.3,18
C82624,60.0,70.2,46
C82639,62.6,56.6,63
C82642,68.4,66.5,67
C82643,74.8,71.2,101
C82651,80.4,69.8,32
C82653,71.8,73.1,15
C82659,70.1,67.2,21
C82660,74.9,78.4,55
C82662,74.9,67.7,65
C82667,80.4,72.5,64
C82669,76.8,69.4,31
C82670,82.5,77.2,8
C82671,82.9,70.9,69
C82676,79.8,75.9,55
C82680,52.1,55.1,26
Y00137,47.7,40.5,149
Y00344,87.5,86.6,17
Y02469,58.3,44.4,55
Y02686,66.5,50.4,61
C82003,76.7,70.2,92
C82007,62.6,55.1,69
C82011,71.6,56.3,93
C82012,74.9,83.1,91
C82014,76.4,58.3,142
C82017,78.6,75.2,129
C82026,75.1,69.3,65
C82027,52.9,49.6,39
C82028,95.0,90.9,73
C82032,57.5,52.9,43
C82034,95.2,93.0,97
C82035,90.4,76.5,75
C82041,74.4,55.8,97
C82043,62.4,56.7,73
C82045,71.2,54.3,59
C82047,86.2,88.8,97
C82050,64.0,44.3,93
C82051,86.4,85.7,106
C82052,80.3,80.1,32
C82054,70.6,64.2,90
C82061,75.9,67.0,116
C82062,78.8,70.4,74
C82064,89.2,81.7,114
C82070,66.1,51.9,72
C82072,80.8,80.2,71
C82075,85.6,73.7,95
C82082,75.5,68.5,44
C82091,73.6,62.7,69
C82093,88.3,87.5,115
C82095,77.0,73.3,71
C82096,61.9,65.3,62
C82097,91.3,89.6,26
C82102,95.3,97.7,48
C82103,43.3,32.2,31
C82111,84.5,78.9,157
C82120,85.4,79.2,36
C82121,76.9,70.4,120
C82600,88.5,92.6,55
C82627,78.6,70.6,62
C82628,96.0,93.6,35
C82634,75.6,64.2,46
C82644,89.2,79.9,43
C82650,93.8,92.8,50
C82656,75.8,76.0,23
C82678,65.0,58.6,39
Y00252,91.8,95.1,29
M83001,87.6,77.5,108
M83016,85.9,82.0,66
M83033,80.6,68.4,58
M83048,75.7,73.6,77
M83063,90.9,87.4,36
M83107,78.8,70.8,55
M83109,85.2,92.8,35
M83129,83.4,75.7,92
M83130,85.1,82.4,36
M83139,80.1,81.4,42
M83608,81.1,82.7,46
M83616,84.3,88.5,46
M83637,79.2,77.9,39
M83638,78.9,76.7,113
M83698,92.5,92.1,30
M83703,93.9,98.1,55
M83717,80.3,68.9,30
M83719,74.2,80.7,33
M83727,79.4,78.0,35
M83738,94.6,94.6,69
Y02354,76.7,75.9,73
Y02594,85.0,77.6,24
C81018,84.6,77.6,81
M83010,84.9,76.9,87
M83013,85.4,85.4,43
M83026,51.3,50.7,84
M83027,59.2,57.9,65
M83035,88.2,81.9,69
M83037,81.9,71.1,72
M83042,85.1,83.8,89
M83051,86.7,73.0,111
M83059,98.1,98.1,39
M83065,84.3,74.1,64
M83073,80.9,76.7,76
M83074,92.6,90.6,140
M83641,83.6,83.0,17
M83680,96.0,87.5,70
M83681,71.5,71.4,76
M83718,85.2,81.9,34
Y00078,81.7,84.8,44
M83005,73.7,67.9,41
M83007,70.5,63.5,58
M83011,89.5,83.2,76
M83012,95.7,89.0,83
M83015,96.2,96.1,79
M83017,98.3,96.2,53
M83023,81.0,70.6,79
M83025,92.5,86.7,60
M83034,76.0,79.2,93
M83046,86.2,88.4,89
M83054,89.8,83.4,98
M83056,87.1,92.9,101
M83067,79.8,85.7,65
M83071,90.2,80.8,111
M83079,92.2,89.8,92
M83084,84.7,73.6,58
M83089,80.7,74.8,90
M83096,79.1,79.3,45
M83103,81.3,74.7,41
M83108,84.0,80.8,67
M83121,79.6,81.3,50
M83122,82.1,95.7,27
M83140,88.5,83.2,43
M83141,83.8,79.8,79
M83640,93.3,88.2,28
M83670,66.8,55.3,50
M83691,95.9,92.7,20
M83697,68.4,77.2,24
M83701,87.3,81.1,41
M83723,59.9,71.0,142
M83006,72.3,68.4,232
M83018,88.4,85.3,81
M83030,69.8,58.8,98
M83031,83.7,81.8,56
M83032,71.7,55.0,106
M83062,45.3,66.6,61
M83072,79.3,78.7,98
M83088,86.7,77.4,141
M83093,76.4,77.1,52
M83097,89.9,86.9,85
M83110,58.0,48.0,95
M83111,64.0,66.4,16
M83113,60.6,60.9,15
M83117,70.0,57.8,60
M83125,90.0,92.9,34
M83132,77.4,71.9,46
M83148,83.4,77.2,122
M83617,82.0,81.4,203
M83668,95.1,89.8,51
M83693,80.6,78.2,56
M83715,95.0,89.2,48
M83009,76.4,70.8,88
M83020,87.0,81.9,87
M83022,74.1,61.4,63
M83024,75.4,66.3,83
M83036,75.1,76.2,67
M83044,63.7,56.9,86
M83045,81.9,75.3,92
M83049,55.1,49.6,53
M83050,77.2,64.6,82
M83052,77.1,70.7,174
M83057,78.1,72.8,85
M83069,79.2,73.0,130
M83070,95.2,89.8,88
M83092,87.7,83.3,80
M83004,87.7,84.0,88
M83014,76.6,72.5,78
M83021,71.5,71.2,74
M83028,67.9,67.3,75
M83038,77.8,72.7,83
M83047,67.1,66.1,46
M83061,94.3,79.2,80
M83066,86.5,80.8,69
M83068,89.7,66.2,133
M83075,76.2,79.7,151
M83076,68.5,66.3,64
M83090,86.3,86.8,49
M83094,77.0,83.5,114
M83100,97.9,96.7,42
M83102,90.0,89.7,64
M83123,86.0,84.9,86
M83126,87.9,90.2,79
M83127,70.6,70.7,46
M83138,81.3,73.9,58
M83143,84.9,82.5,45
M83146,62.9,57.9,81
M83601,86.0,81.6,54
M83619,90.9,93.9,34
M83624,88.7,88.0,35
M83625,82.4,81.9,95
M83627,70.3,68.6,55
M83632,83.5,79.7,46
M83650,71.5,67.6,93
M83661,78.9,72.8,53
M83682,83.6,77.8,50
M83709,96.7,97.4,60
M83711,91.6,95.1,40
M83713,81.8,73.7,44
M83725,91.5,85.2,35
Y02521,69.8,67.7,67
Y02867,78.6,81.0,36
D81001,86.7,81.0,144
D81002,70.2,66.9,180
D81003,82.0,78.5,97
D81004,95.5,96.7,138
D81005,84.9,95.6,145
D81008,74.4,69.8,153
D81010,82.5,81.1,98
D81011,69.0,56.2,70
D81012,76.8,73.8,89
D81013,76.3,73.7,168
D81014,89.3,90.5,227
D81015,60.9,65.9,46
D81016,80.9,78.3,106
D81017,74.9,70.1,72
D81018,76.3,66.6,64
D81021,84.0,80.5,109
D81022,64.5,61.5,116
D81025,64.3,67.3,62
D81026,66.1,62.9,319
D81027,73.2,65.7,59
D81028,74.7,69.9,97
D81029,79.7,75.1,107
D81030,81.7,74.4,131
D81031,87.2,81.8,179
D81033,91.1,90.3,47
D81034,88.4,81.8,173
D81035,81.8,81.6,83
D81036,84.2,80.5,44
D81037,74.4,86.8,98
D81038,96.3,96.1,74
D81041,90.8,83.3,63
D81042,52.8,49.0,50
D81043,73.9,75.5,450
D81044,74.6,66.6,111
D81045,92.7,92.1,101
D81046,52.9,47.5,98
D81049,81.6,76.9,99
D81050,84.3,87.1,148
D81051,92.3,93.3,91
D81052,72.7,70.2,74
D81054,80.7,82.9,194
D81055,89.8,83.0,55
D81056,78.7,69.5,60
D81057,68.7,60.2,149
D81058,90.1,87.5,72
D81059,83.6,75.9,65
D81060,87.9,85.7,70
D81061,64.3,57.6,78
D81062,86.0,82.4,72
D81064,84.0,76.2,60
D81065,58.7,58.3,38
D81066,80.7,77.9,90
D81070,83.8,85.4,101
D81073,69.7,73.3,38
D81078,78.2,79.1,33
D81081,92.9,82.6,54
D81082,77.8,68.9,63
D81084,80.0,83.4,93
D81085,89.5,82.8,68
D81086,68.3,71.7,54
D81603,75.7,72.6,58
D81606,72.3,57.2,98
D81607,93.0,89.0,33
D81611,76.6,69.3,106
D81612,76.0,72.2,39
D81615,59.4,50.2,68
D81618,70.9,74.6,25
D81622,84.0,82.3,120
D81625,68.7,67.6,214
D81629,46.3,49.9,30
D81630,71.9,69.3,83
D81631,74.9,69.2,108
D81633,82.4,76.4,93
D81637,58.0,60.7,74
D81645,74.5,77.2,21
E82132,78.2,76.2,48
K83017,75.4,70.9,81
Y00056,81.1,83.0,7
Y00185,83.3,85.0,97
Y00486,49.5,44.2,36
Y02769,82.1,77.3,65
Y07025,57.2,43.3,47
Y07057,50.8,49.6,61
Y07059,56.1,54.2,108
Y07060,69.0,76.7,173
D81047,59.0,56.9,49
E82002,78.1,70.4,83
E82005,64.7,62.9,318
E82006,71.2,64.6,59
E82007,87.1,77.2,105
E82008,65.5,68.8,74
E82018,61.2,64.3,92
E82019,68.9,70.3,114
E82021,92.5,96.3,64
E82023,78.3,76.6,97
E82024,66.8,57.6,122
E82035,54.2,51.7,71
E82038,88.7,79.1,181
E82040,61.1,61.9,132
E82041,75.4,65.9,95
E82042,74.0,69.6,70
E82044,90.2,70.2,136
E82053,70.7,67.4,126
E82056,79.2,78.9,81
E82058,74.8,86.5,147
E82061,87.9,85.4,129
E82062,81.7,72.8,136
E82063,73.2,60.6,86
E82067,62.3,60.4,107
E82074,82.3,70.0,193
E82075,72.2,70.7,90
E82079,76.8,65.3,67
E82081,70.9,61.7,99
E82082,58.3,53.5,112
E82086,61.7,58.5,153
E82088,73.8,74.4,75
E82090,68.6,61.6,72
E82092,89.2,77.5,151
E82093,71.4,71.7,97
E82099,73.4,63.1,98
E82100,73.8,72.9,102
E82102,73.6,68.1,132
E82111,93.3,91.0,65
E82115,63.1,50.5,69
E82121,83.2,78.3,45
E82123,69.4,59.2,69
E82133,81.3,78.9,72
E82626,51.4,55.6,15
E82638,54.8,44.6,37
E82654,79.4,74.2,79
E82661,50.8,45.0,41
Y01924,,,-97
Y02639,60.5,55.1,54
Y06095,,,-97
D83001,62.0,71.6,74
D83004,79.7,74.8,85
D83006,95.1,92.3,76
D83008,67.8,65.8,114
D83015,79.7,79.4,74
D83017,55.0,47.4,80
D83019,86.3,89.1,73
D83020,81.0,79.3,68
D83024,85.6,79.3,125
D83026,69.3,64.5,67
D83028,83.6,75.8,83
D83037,90.0,86.2,153
D83041,87.5,88.6,93
D83043,72.8,70.0,49
D83044,93.0,93.1,222
D83046,81.6,72.5,249
D83048,92.5,87.6,175
D83049,96.9,92.6,69
D83050,66.3,54.3,191
D83051,82.1,81.1,162
D83053,80.1,79.3,80
D83054,89.4,85.7,67
D83056,76.0,75.3,81
D83057,92.6,86.8,137
D83059,82.4,78.8,173
D83061,90.7,88.7,96
D83069,96.1,96.1,66
D83073,80.6,81.5,48
D83074,88.8,84.2,129
D83079,73.4,74.3,73
D83080,89.4,80.7,56
D83081,94.7,88.3,83
D83084,70.2,72.8,47
Y01794,73.8,62.8,111
Y06499,41.4,38.9,1
E82001,93.8,88.1,422
E82004,57.2,61.4,29
E82009,66.8,59.2,153
E82012,81.3,80.6,117
E82013,91.0,87.5,323
E82014,84.6,75.6,168
E82015,68.5,65.9,62
E82017,78.0,73.3,101
E82020,73.2,78.0,50
E82022,87.4,83.3,162
E82027,72.6,66.4,96
E82031,81.0,83.7,161
E82032,71.7,63.2,111
E82037,79.9,78.4,124
E82043,78.0,75.6,121
E82045,71.0,62.1,140
E82046,81.7,77.3,91
E82050,85.9,78.4,45
E82051,71.0,61.7,102
E82055,79.4,71.7,108
E82059,94.3,90.0,101
E82060,84.8,74.4,184
E82066,91.4,93.8,36
E82068,67.9,58.8,137
E82069,83.2,87.3,73
E82070,58.1,49.0,19
E82071,78.0,80.1,131
E82073,79.5,82.6,378
E82077,85.5,81.0,108
E82078,77.0,60.9,79
E82083,91.0,88.4,94
E82084,80.5,75.5,110
E82085,80.9,82.7,156
E82091,41.8,32.5,70
E82094,84.3,86.6,105
E82096,74.6,79.1,80
E82098,83.5,75.7,67
E82105,84.8,82.2,42
E82106,79.4,68.1,114
E82107,71.9,68.9,76
E82113,87.5,85.7,63
E82117,76.0,80.9,95
E82124,81.9,83.0,278
E82129,82.5,80.4,132
E82643,81.5,90.1,24
E82652,82.3,79.3,26
E82655,82.2,70.6,34
E82657,91.2,87.3,60
F81011,76.7,63.0,63
F81014,58.4,49.5,70
F81020,91.4,95.4,80
F81022,70.0,67.1,116
F81030,67.9,64.5,118
F81040,90.8,89.3,46
F81057,90.3,89.1,137
F81068,78.8,74.9,137
F81071,67.8,66.6,100
F81076,76.0,74.1,38
F81083,77.0,73.5,95
F81087,64.0,68.7,92
F81098,66.0,59.4,56
F81099,67.6,70.3,90
F81100,50.0,40.5,124
F81105,84.8,70.0,179
F81114,84.4,85.5,122
F81117,48.6,42.3,49
F81119,75.5,66.4,65
F81122,75.2,68.9,246
F81126,81.5,74.6,85
F81130,91.2,90.7,58
F81132,68.9,65.1,121
F81149,78.3,69.7,92
F81170,74.8,71.0,107
F81173,60.3,67.8,37
F81183,82.8,84.9,52
F81193,60.1,58.1,42
F81635,46.9,48.8,11
F81665,65.8,72.2,34
F81674,83.1,79.1,97
F81683,87.2,79.0,94
F81730,93.8,89.2,68
F81751,79.0,72.2,34
Y00293,82.7,72.5,80
Y02611,86.1,85.4,130
Y05023,42.4,37.7,21
F81012,90.9,86.7,74
F81017,70.6,69.9,63
F81019,66.4,65.7,120
F81021,87.6,83.7,109
F81026,84.1,71.5,81
F81028,73.3,68.4,69
F81037,85.9,75.6,76
F81042,87.5,83.6,369
F81044,77.5,74.7,61
F81052,95.6,90.7,155
F81067,66.3,65.7,97
F81069,76.2,76.8,65
F81091,83.0,80.6,81
F81095,65.8,63.7,139
F81115,74.3,67.3,212
F81116,86.2,70.6,100
F81133,80.9,70.9,102
F81141,66.2,67.2,121
F81156,73.3,70.5,69
F81212,57.1,51.0,56
F81213,75.9,68.0,60
F81221,71.5,69.8,38
F81606,80.4,81.9,25
F81633,91.2,86.8,46
F81636,84.3,72.7,148
F81679,69.9,70.0,54
F81681,76.6,73.7,132
F81716,64.0,57.7,63
F81741,60.3,53.3,70
F81746,77.4,88.5,27
F81757,68.6,68.8,47
Y02646,75.4,74.7,74
F81010,49.4,42.8,61
F81082,51.6,53.5,23
F81088,92.5,77.5,24
F81110,66.2,66.4,76
F81113,65.5,62.1,93
F81134,51.4,51.6,39
F81137,73.2,67.8,56
F81153,79.1,71.1,105
F81155,68.8,59.0,38
F81177,76.6,68.2,33
F81192,83.2,72.0,87
F81197,70.8,62.8,19
F81198,80.7,76.0,22
F81206,80.7,72.9,43
F81211,92.8,90.5,48
F81219,92.7,90.0,51
F81623,71.6,60.7,17
F81632,82.5,82.1,46
F81641,70.2,79.0,53
F81652,77.2,83.6,40
F81669,64.5,62.3,42
F81697,92.7,97.5,27
F81708,73.4,71.6,83
Y00033,66.2,63.8,42
Y00999,75.0,76.8,82
Y02807,67.9,61.1,80
F81004,71.7,66.6,70
F81009,80.3,78.1,92
F81015,85.1,81.0,110
F81027,56.7,54.4,117
F81034,76.8,70.8,77
F81043,49.1,38.4,94
F81047,76.8,75.0,85
F81048,54.8,49.9,58
F81049,72.4,69.0,96
F81053,84.5,87.8,176
F81056,89.5,86.0,107
F81062,68.1,64.9,61
F81072,81.1,65.5,68
F81078,56.2,55.0,65
F81090,84.3,80.1,99
F81106,70.2,62.0,75
F81118,64.8,55.8,94
F81120,48.2,39.2,62
F81131,97.3,92.4,93
F81136,69.3,73.4,102
F81152,76.4,59.6,91
F81165,89.0,89.2,42
F81169,89.2,87.9,73
F81181,44.6,44.6,102
F81184,78.7,77.5,35
F81216,88.9,90.3,40
F81619,83.3,77.7,33
F81725,90.1,83.3,88
F81749,86.7,82.2,127
Y07016,,,-97
D83003,86.0,84.4,47
D83005,69.9,70.5,107
D83007,90.8,85.3,91
D83012,67.4,72.2,170
D83013,86.1,76.7,124
D83018,81.2,69.0,106
D83021,80.0,78.1,161
D83027,83.4,72.9,100
D83029,93.7,93.3,142
D83033,87.7,86.3,96
D83038,70.9,68.9,116
D83040,92.5,89.7,109
D83045,77.2,78.2,45
D83055,70.7,71.2,118
D83060,79.0,68.2,199
D83062,85.9,70.8,68
D83064,67.0,71.9,26
D83067,88.4,93.4,74
D83070,86.0,79.3,47
D83075,87.4,84.3,117
D83076,81.0,84.2,48
D83078,80.7,81.5,79
D83610,79.0,77.3,106
Y00774,84.9,86.1,46
G81001,82.4,74.9,76
G81006,91.7,92.4,65
G81011,74.9,66.4,152
G81014,94.2,81.1,79
G81018,73.4,69.2,97
G81028,60.9,60.4,79
G81034,89.6,87.3,303
G81036,90.2,84.6,86
G81038,82.3,84.5,162
G81042,86.8,79.1,121
G81044,90.7,85.6,71
G81046,83.4,82.3,96
G81047,91.9,86.2,72
G81054,90.6,96.8,106
G81065,71.7,58.9,65
G81070,93.2,89.2,251
G81071,69.8,77.8,143
G81073,76.0,64.9,67
G81075,59.3,42.0,37
G81076,74.2,67.7,103
G81083,72.6,73.5,55
G81613,68.0,72.3,37
G81638,67.9,62.8,185
G81646,90.9,90.9,25
G81656,80.4,84.4,51
G81663,81.9,86.6,43
G81669,85.3,67.6,20
G81689,100.0,97.2,15
G81694,90.1,87.2,31
Y02676,70.5,73.8,75
Y06007,83.1,87.2,71
K84001,88.9,94.2,99
K84002,70.7,64.9,139
K84003,91.5,90.5,67
K84004,78.0,72.2,109
K84006,79.6,77.6,134
K84007,72.8,68.7,64
K84008,89.8,81.4,74
K84009,78.8,69.1,232
K84010,68.4,61.1,64
K84011,84.7,85.5,171
K84013,71.1,76.1,225
K84014,93.0,94.9,110
K84015,86.7,91.4,37
K84016,79.2,85.4,204
K84017,80.9,76.6,178
K84019,73.5,65.6,120
K84020,90.7,92.2,94
K84021,89.5,89.7,98
K84023,98.5,98.9,64
K84024,65.5,72.5,60
K84026,83.7,94.5,115
K84027,84.2,75.6,134
K84028,68.3,59.6,295
K84030,76.6,71.0,125
K84031,79.3,69.1,99
K84032,79.0,74.9,80
K84033,86.3,66.4,173
K84034,79.3,79.9,28
K84035,94.2,92.0,109
K84036,98.2,92.2,58
K84037,91.9,88.1,179
K84038,70.8,70.0,118
K84041,75.0,66.4,112
K84042,86.0,81.7,88
K84043,63.0,61.5,114
K84044,94.2,86.0,244
K84045,81.6,85.6,63
K84046,97.6,96.5,63
K84047,89.3,90.1,72
K84050,90.4,85.6,127
K84051,80.4,76.5,158
K84052,87.0,82.6,176
K84054,90.1,87.9,176
K84055,85.6,65.3,106
K84056,98.0,95.1,53
K84058,89.0,87.4,75
K84059,82.0,73.6,104
K84060,69.5,80.1,48
K84062,79.5,76.7,79
K84063,72.8,77.8,91
K84065,96.1,98.5,34
K84066,72.8,66.0,3
K84071,68.4,60.4,75
K84072,70.2,67.8,88
K84075,78.1,68.6,90
K84078,87.2,94.6,115
K84079,71.0,70.9,64
K84080,89.0,86.6,137
K84082,60.7,52.1,81
K84605,83.1,87.8,64
K84610,74.1,77.6,42
K84613,83.5,73.6,180
K84618,81.9,82.5,72
K84624,66.0,61.4,69
J82028,72.8,64.1,215
J82055,71.8,63.4,86
J82060,46.6,31.6,60
J82073,76.4,69.4,76
J82085,73.3,57.9,271
J82102,72.1,78.7,176
J82149,77.5,72.8,131
J82155,61.3,55.6,385
J82194,69.4,57.3,99
J82199,70.9,74.3,145
Y02526,,,-97
J81002,89.9,80.8,87
J81006,71.1,67.0,290
J81009,74.6,70.7,97
J81010,79.5,73.7,93
J81011,79.7,62.4,70
J81012,70.2,66.1,432
J81013,89.9,89.4,113
J81014,73.4,71.2,168
J81016,86.6,86.1,80
J81017,96.1,97.0,46
J81018,81.1,89.8,100
J81019,73.3,72.1,181
J81020,91.2,90.5,37
J81021,70.8,72.8,199
J81022,75.8,76.2,46
J81025,81.3,72.6,51
J81027,89.4,90.4,260
J81028,80.3,68.9,132
J81029,88.4,84.5,52
J81030,83.7,81.4,70
J81033,69.6,71.3,183
J81034,81.1,76.7,152
J81035,99.1,98.2,51
J81036,82.3,70.3,80
J81039,84.5,84.2,86
J81041,93.6,86.2,204
J81042,61.2,58.8,58
J81045,71.2,68.0,79
J81046,90.4,93.2,125
J81047,78.8,75.8,100
J81049,85.1,78.9,91
J81051,52.6,50.5,69
J81053,91.4,89.0,41
J81056,77.9,74.2,135
J81057,82.6,85.5,52
J81058,91.3,84.4,127
J81059,94.5,90.4,88
J81061,90.7,87.6,77
J81062,93.5,87.0,109
J81064,82.9,71.6,46
J81066,93.0,92.8,106
J81067,91.3,72.1,57
J81068,72.9,79.8,50
J81070,69.0,73.1,81
J81072,67.5,66.9,124
J81073,93.7,85.9,170
J81074,84.4,74.4,46
J81075,73.3,66.2,65
J81076,64.5,60.6,170
J81077,86.8,92.6,72
J81078,92.2,87.2,124
J81081,76.0,78.1,107
J81082,92.9,92.0,80
J81086,83.5,82.2,67
J81087,88.5,87.7,95
J81609,96.1,90.1,102
J81612,97.1,94.6,34
J81616,96.7,96.1,45
J81620,87.3,80.2,248
J81621,92.5,89.4,83
J81625,73.4,67.7,110
J81626,93.7,95.4,51
J81631,80.4,71.2,18
J81633,82.0,71.2,57
J81634,76.8,75.6,116
J81646,80.9,78.9,55
J81647,85.4,77.9,83
J81648,90.8,81.5,54
L84003,94.1,91.1,112
L84004,94.7,83.3,79
L84005,89.5,96.0,79
L84006,91.4,89.4,66
L84007,88.8,82.3,113
L84008,92.8,88.6,116
L84009,75.8,68.0,149
L84010,76.4,74.7,90
L84011,68.5,68.1,58
L84012,80.0,78.7,205
L84014,72.2,76.6,69
L84015,69.3,66.1,78
L84016,95.9,96.7,69
L84018,78.7,75.2,107
L84021,92.8,91.3,85
L84022,78.0,74.0,64
L84023,91.8,86.6,128
L84024,93.6,93.6,38
L84025,84.5,78.3,41
L84026,75.1,67.4,248
L84027,85.5,82.1,161
L84028,72.2,54.2,89
L84029,81.5,81.4,29
L84030,90.8,82.7,165
L84031,87.6,85.0,54
L84033,85.8,81.2,171
L84034,77.9,65.7,97
L84036,72.5,67.8,82
L84037,78.2,75.3,98
L84038,85.7,81.2,102
L84039,95.8,88.6,91
L84040,60.9,58.6,79
L84041,86.2,79.0,115
L84043,73.8,80.6,39
L84045,84.0,80.0,64
L84046,72.1,65.3,45
L84047,77.8,60.5,128
L84048,76.7,47.3,82
L84049,83.4,78.2,73
L84050,70.6,66.9,277
L84051,80.1,80.0,81
L84052,75.6,72.3,79
L84053,66.8,64.0,53
L84054,86.4,84.9,124
L84058,83.3,76.0,81
L84059,77.6,79.0,66
L84060,90.2,87.3,104
L84063,94.1,94.1,48
L84065,90.8,89.1,86
L84067,81.1,78.4,81
L84068,95.1,93.5,56
L84072,93.2,90.1,51
L84075,82.9,86.5,81
L84077,77.3,67.7,118
L84080,82.7,77.8,99
L84081,69.3,68.9,31
L84084,85.3,66.7,94
L84085,88.5,86.6,35
L84606,73.4,67.4,93
L84613,94.3,92.7,34
L84617,88.6,86.0,64
Y00054,,,-97
Y02519,68.5,74.0,66
Y05212,86.8,89.9,49
L82001,84.4,86.0,165
L82003,83.5,80.3,78
L82004,76.7,68.4,65
L82006,89.9,82.8,199
L82007,69.9,65.2,49
L82008,79.5,80.7,88
L82010,63.5,59.1,155
L82011,88.9,83.4,57
L82012,80.5,75.5,148
L82013,84.8,86.1,71
L82015,95.0,91.0,69
L82016,71.6,69.1,129
L82017,88.7,89.0,23
L82018,80.7,70.4,117
L82022,82.5,70.3,89
L82023,58.6,41.9,100
L82025,56.5,52.9,30
L82026,73.5,69.5,52
L82028,92.1,91.2,169
L82029,94.1,90.1,162
L82030,84.4,75.9,164
L82035,82.3,85.5,74
L82036,89.9,89.4,115
L82038,79.7,76.1,104
L82039,91.9,87.0,53
L82041,53.6,49.4,161
L82042,75.1,70.6,131
L82043,98.4,96.7,50
L82044,70.9,66.8,65
L82045,75.6,66.5,76
L82046,67.0,70.2,86
L82047,93.0,89.5,78
L82048,87.4,87.9,37
L82049,89.2,85.1,96
L82050,51.5,43.2,50
L82051,88.4,86.3,119
L82052,62.0,63.9,69
L82054,92.6,84.1,87
L82056,81.9,82.4,73
L82057,89.2,81.3,28
L82058,87.8,88.1,47
L82059,78.9,78.6,43
L82061,87.1,84.6,57
L82066,81.1,75.1,61
L82068,86.5,83.4,81
L82070,81.8,82.1,58
L82620,76.6,73.1,50
L82622,77.2,76.8,60
Y00969,78.3,72.7,99
Y01050,81.9,84.6,66
Y01051,88.2,72.4,82
Y01127,82.3,71.6,56
Y01922,88.4,78.7,115
Y02517,77.5,70.9,139
Y04957,69.5,72.7,237
L85001,78.7,83.4,144
L85002,90.2,84.8,114
L85003,92.0,90.8,40
L85004,71.1,66.2,93
L85006,83.9,74.7,88
L85007,52.1,43.6,58
L85008,80.3,75.3,244
L85009,89.9,90.6,104
L85011,84.2,86.1,74
L85012,79.3,72.2,132
L85013,97.4,91.4,43
L85014,85.3,76.8,116
L85015,73.7,65.6,118
L85016,57.5,51.9,93
L85017,74.1,70.6,81
L85018,89.9,77.9,49
L85019,60.0,55.2,75
L85020,79.9,83.4,94
L85021,94.5,96.3,139
L85022,69.7,64.5,98
L85023,83.7,80.3,147
L85024,87.9,76.1,103
L85025,85.9,87.2,120
L85026,61.0,51.5,39
L85027,68.2,71.8,59
L85029,79.7,67.3,109
L85030,68.2,53.7,132
L85031,92.4,90.9,73
L85032,93.3,85.2,50
L85033,80.6,71.0,120
L85034,90.6,88.5,81
L85035,72.3,68.1,129
L85036,87.7,88.2,56
L85037,93.4,97.1,41
L85038,80.0,71.1,59
L85039,86.8,79.4,123
L85040,95.3,93.0,68
L85042,66.3,66.6,108
L85043,82.1,76.3,94
L85044,98.6,96.5,65
L85046,91.9,87.3,57
L85047,84.8,82.4,55
L85051,65.6,64.1,49
L85052,92.4,89.2,76
L85053,86.7,83.6,59
L85054,80.8,76.0,74
L85055,69.6,60.0,68
L85056,74.7,77.8,56
L85061,85.5,83.5,37
L85062,92.0,87.3,60
L85064,48.5,48.6,52
L85065,91.2,93.4,78
L85066,69.9,65.6,56
L85601,80.5,71.8,30
L85607,74.6,76.8,40
L85609,88.6,85.3,47
L85611,98.2,96.5,32
L85624,97.5,98.4,51
Y01163,68.6,76.4,29
N85002,76.2,70.4,154
N85005,79.9,84.7,92
N85006,85.2,87.5,85
N85007,66.9,56.2,150
N85008,77.8,74.6,113
N85012,66.7,55.7,66
N85013,81.2,86.3,67
N85015,74.9,66.8,59
N85016,82.0,68.4,72
N85017,90.6,88.8,52
N85018,97.4,88.7,63
N85019,80.4,64.6,73
N85020,80.0,74.1,126
N85021,91.0,88.1,30
N85022,88.6,82.1,40
N85023,88.8,85.8,53
N85024,90.4,77.3,86
N85025,85.5,72.3,53
N85027,79.6,68.9,74
N85028,86.9,83.0,121
N85031,73.2,80.5,28
N85032,74.8,74.5,53
N85037,93.2,88.9,52
N85038,70.2,59.5,30
N85044,85.2,82.9,181
N85046,91.7,86.8,48
N85047,75.8,69.7,54
N85048,89.0,80.3,50
N85051,81.3,76.8,148
N85052,95.2,93.2,47
N85054,94.5,85.0,50
N85057,84.9,82.1,18
N85059,79.6,77.7,69
N85616,91.8,76.3,43
N85617,95.4,93.8,49
N85620,84.1,87.1,58
N85625,83.9,78.0,139
N85629,76.6,75.7,36
N85633,89.1,89.4,43
N85634,89.6,92.5,17
N85640,87.4,72.9,24
N85643,89.3,87.3,37
N85648,93.3,95.6,40
A85001,80.8,81.3,63
A85002,84.2,91.1,34
A85004,80.0,72.8,83
A85005,89.1,79.7,164
A85006,74.8,73.5,113
A85007,92.6,90.5,84
A85008,66.8,57.2,107
A85009,85.7,83.5,58
A85010,78.3,78.5,94
A85011,69.8,71.0,52
A85013,79.0,78.9,32
A85014,62.2,62.1,131
A85016,69.7,62.1,87
A85017,88.7,87.7,67
A85018,84.3,84.5,42
A85019,77.5,69.8,85
A85020,81.1,77.7,135
A85021,84.9,88.7,41
A85024,79.1,82.7,21
A85026,91.0,85.4,54
A85611,88.7,82.9,51
A85614,86.1,94.1,78
A85616,80.2,79.2,43
A85617,96.7,96.9,38
A86003,71.3,69.0,344
A86004,62.2,50.0,87
A86006,95.1,87.4,58
A86008,77.4,69.5,103
A86010,83.2,86.4,94
A86011,83.1,77.4,91
A86012,74.3,68.5,90
A86013,78.9,74.9,59
A86017,73.3,75.2,88
A86018,85.5,86.7,119
A86020,83.0,77.8,238
A86021,63.3,69.9,63
A86022,69.3,67.3,61
A86023,85.9,81.9,94
A86024,77.8,71.4,56
A86025,55.9,49.0,75
A86026,74.9,77.4,57
A86027,73.4,62.4,193
A86028,77.9,75.9,61
A86029,80.4,76.3,175
A86030,81.0,83.8,86
A86031,82.5,77.1,88
A86033,75.1,62.8,57
A86037,68.4,68.4,55
A86038,76.7,71.6,50
A86040,82.5,85.4,52
A86601,76.5,72.3,71
Y00184,70.8,57.5,67
P84004,76.6,69.9,66
P84005,81.3,89.0,147
P84009,74.0,64.9,85
P84010,89.0,79.1,94
P84012,59.0,58.3,54
P84014,82.1,79.1,41
P84016,77.7,67.4,69
P84017,82.6,75.4,103
P84018,81.2,81.4,35
P84019,84.3,74.0,88
P84020,88.3,86.2,82
P84021,85.9,73.9,76
P84022,77.0,77.7,48
P84023,81.0,80.6,88
P84024,89.0,86.0,73
P84025,81.3,80.3,59
P84026,68.7,60.5,66
P84027,83.0,72.8,66
P84028,70.3,66.3,69
P84029,83.7,78.8,86
P84030,74.6,73.4,93
P84032,70.7,67.3,41
P84033,87.4,83.9,38
P84034,80.8,77.4,136
P84035,91.8,92.1,162
P84037,81.5,72.5,51
P84038,84.8,79.8,115
P84039,76.3,68.6,108
P84040,75.1,83.1,54
P84041,70.5,62.6,52
P84042,69.4,68.6,71
P84043,76.3,76.1,70
P84045,78.6,84.2,42
P84046,76.7,68.9,154
P84047,72.0,75.4,41
P84048,87.4,82.0,61
P84049,71.9,72.6,81
P84050,72.1,75.7,53
P84051,76.6,74.0,43
P84052,78.2,63.8,56
P84053,91.1,73.9,71
P84054,86.4,83.4,56
P84056,70.5,62.3,30
P84059,66.5,67.6,58
P84061,86.1,75.1,54
P84064,88.5,85.3,125
P84065,87.3,84.2,36
P84066,76.3,81.6,59
P84067,91.8,90.7,82
P84068,73.3,70.7,169
P84070,80.5,79.1,65
P84071,92.6,78.1,46
P84072,72.7,79.3,268
P84074,70.3,73.7,76
P84605,84.5,87.4,16
P84611,93.3,92.5,80
P84626,80.8,75.4,49
P84630,76.0,66.0,204
P84635,85.5,83.2,42
P84637,86.7,94.3,24
P84639,84.5,94.2,30
P84644,67.3,68.2,46
P84645,74.6,62.7,45
P84650,92.3,94.6,57
P84651,87.0,84.1,47
P84663,81.4,70.2,46
P84665,87.8,86.4,46
P84669,70.6,77.4,140
P84672,78.7,81.6,29
P84673,91.9,88.7,141
P84678,87.5,84.5,149
P84679,76.4,70.5,16
P84683,70.4,78.0,123
P84684,73.8,76.1,47
P84689,78.2,63.3,106
P84690,75.9,72.9,20
Y01695,91.5,82.3,38
Y02325,70.9,63.7,34
Y02520,82.2,71.4,39
Y02849,73.1,74.4,130
Y02890,68.2,66.2,45
Y02960,72.1,65.6,44
K82001,86.3,76.3,94
K82004,77.7,67.4,111
K82006,66.5,64.6,60
K82007,59.9,51.6,191
K82008,93.9,84.1,101
K82010,63.1,48.1,63
K82011,92.9,90.2,95
K82012,85.6,87.6,62
K82014,87.4,89.6,54
K82017,73.3,72.9,104
K82019,55.3,45.0,90
K82020,69.7,60.8,45
K82021,78.7,78.4,126
K82022,65.4,57.9,67
K82023,73.9,65.7,289
K82024,90.3,89.3,100
K82028,73.3,66.2,72
K82030,64.2,61.1,74
K82031,89.7,85.4,57
K82033,64.8,63.7,126
K82035,73.4,72.3,28
K82036,81.5,75.2,93
K82037,79.1,79.3,110
K82038,45.0,40.2,106
K82040,71.0,59.0,97
K82044,49.3,55.9,48
K82045,90.2,88.1,64
K82046,85.1,82.7,161
K82047,73.3,79.5,171
K82048,77.5,71.4,54
K82049,77.1,64.9,98
K82051,85.8,75.9,99
K82053,56.9,53.1,67
K82055,68.9,63.2,75
K82058,67.4,68.6,40
K82061,89.3,83.9,44
K82066,84.8,86.1,119
K82068,91.1,87.7,52
K82070,82.4,74.8,169
K82073,66.6,65.2,221
K82078,87.7,90.8,92
K82079,87.0,85.8,79
K82603,67.4,67.2,77
K82618,81.1,77.6,28
K82621,76.8,78.3,35
Y01964,56.4,50.6,149
J82054,97.4,86.9,96
K81002,74.8,69.4,116
K81003,85.3,76.9,131
K81004,71.2,52.4,105
K81007,68.4,73.9,41
K81012,91.9,87.0,116
K81014,85.0,75.9,177
K81017,81.4,79.3,121
K81022,67.7,62.5,194
K81025,86.6,83.8,170
K81026,77.8,73.9,65
K81027,84.2,84.2,95
K81040,74.5,72.9,152
K81041,90.3,86.1,107
K81045,78.3,73.3,135
K81047,81.9,72.7,256
K81048,77.5,83.2,70
K81050,86.8,83.9,97
K81051,69.6,61.8,95
K81052,85.3,84.9,57
K81055,85.0,81.5,68
K81056,64.9,65.5,42
K81057,89.2,89.6,67
K81062,68.1,72.3,191
K81063,75.8,75.3,173
K81069,80.6,64.0,121
K81070,74.0,76.1,92
K81073,80.1,66.9,151
K81077,81.5,70.9,90
K81078,72.6,61.9,101
K81080,80.5,85.1,79
K81081,80.5,84.0,20
K81092,73.3,68.8,111
K81100,83.0,86.0,57
K81102,85.5,79.3,87
K81103,90.0,87.7,80
K81605,72.4,73.5,240
K81633,64.2,64.6,71
K81636,67.9,68.3,59
K81644,74.0,75.6,116
K81651,77.3,74.2,132
Y02476,77.7,70.6,114
L81004,80.7,75.9,149
L81007,78.2,72.0,323
L81008,83.4,80.4,95
L81009,86.8,86.4,93
L81012,57.5,51.3,120
L81013,67.4,61.0,90
L81014,82.2,71.4,123
L81015,67.0,68.0,132
L81016,70.5,52.0,72
L81017,85.9,80.8,106
L81018,74.9,79.5,72
L81019,62.3,58.0,115
L81021,83.9,78.7,99
L81022,70.6,75.8,129
L81023,80.7,67.4,128
L81024,73.3,65.8,116
L81026,68.2,52.9,193
L81029,95.1,92.8,95
L81031,61.0,63.7,102
L81033,78.0,57.3,117
L81034,90.1,89.0,324
L81037,73.4,76.6,171
L81038,74.3,71.6,103
L81040,84.3,74.9,146
L81041,71.8,68.2,49
L81042,76.2,70.6,97
L81044,78.7,77.8,101
L81046,51.3,52.1,41
L81047,87.5,80.0,135
L81050,86.4,77.0,68
L81051,64.9,67.9,167
L81053,76.2,69.3,66
L81054,78.5,70.6,94
L81055,84.4,80.2,114
L81058,84.9,80.7,82
L81061,79.2,79.0,90
L81062,87.7,81.8,220
L81063,75.2,67.1,99
L81066,70.7,60.8,76
L81075,68.9,70.3,246
L81078,85.2,91.7,193
L81079,81.6,74.7,180
L81081,85.9,84.9,183
L81082,79.9,69.6,118
L81083,84.3,75.2,69
L81084,78.6,65.6,93
L81085,85.4,86.4,60
L81086,72.8,70.9,344
L81087,80.7,79.2,107
L81089,69.4,65.5,83
L81090,72.1,72.2,135
L81091,84.0,70.7,154
L81095,85.8,76.0,122
L81098,93.9,86.5,116
L81103,85.6,82.1,78
L81106,95.4,87.6,55
L81118,82.1,73.2,170
L81120,80.0,70.5,75
L81125,80.2,77.6,80
L81127,77.6,68.2,82
L81130,85.0,77.7,112
L81131,93.0,84.9,108
L81133,83.5,88.6,161
L81600,84.5,87.4,100
L81632,45.3,46.1,49
L81642,83.2,85.1,50
L81643,70.7,71.0,124
L81669,80.5,71.7,309
L81670,70.8,64.6,36
Y02578,75.4,76.4,107
Y02873,,,-97
M85001,91.7,74.6,42
M85005,63.6,56.6,45
M85006,86.8,86.6,89
M85007,75.6,59.6,125
M85009,65.1,73.8,43
M85011,63.0,62.5,45
M85013,75.0,76.7,29
M85014,93.2,94.7,39
M85016,66.6,63.9,34
M85018,88.5,87.0,94
M85019,61.7,54.3,111
M85020,58.2,49.1,114
M85021,83.3,74.1,38
M85023,69.2,55.4,61
M85024,66.4,63.3,46
M85025,50.1,51.0,89
M85026,72.8,63.7,115
M85027,68.6,66.0,55
M85028,77.5,75.8,192
M85029,89.4,89.1,178
M85030,72.4,68.8,127
M85031,64.7,66.8,69
M85033,73.6,61.4,130
M85034,66.3,54.3,101
M85035,73.7,69.4,39
M85037,85.2,84.7,82
M85041,72.0,94.0,117
M85042,87.3,88.0,46
M85043,77.9,77.2,33
M85046,72.9,63.8,398
M85047,89.7,86.5,55
M85048,78.0,63.8,90
M85051,58.4,53.9,44
M85053,73.7,70.8,47
M85055,66.6,55.1,44
M85056,69.7,70.3,51
M85058,79.4,66.2,125
M85060,85.3,80.0,135
M85061,78.8,67.9,92
M85062,63.4,56.9,31
M85063,79.3,71.6,459
M85065,87.2,77.0,125
M85066,80.8,72.3,57
M85070,75.8,71.2,100
M85071,78.4,63.1,64
M85074,74.6,73.8,63
M85076,63.5,62.0,68
M85077,77.0,72.2,75
M85078,70.2,59.2,72
M85079,81.9,80.3,87
M85081,75.0,73.8,67
M85082,94.7,91.0,54
M85084,77.5,71.7,48
M85086,92.7,88.9,97
M85087,75.3,77.4,81
M85088,79.3,79.3,144
M85094,68.5,69.3,17
M85097,79.5,81.7,18
M85098,88.2,81.6,48
M85105,62.1,52.1,31
M85107,84.1,88.1,30
M85108,76.2,63.3,42
M85110,61.4,53.1,60
M85113,75.6,64.6,46
M85115,73.4,74.9,19
M85116,81.5,78.3,65
M85117,75.9,74.9,44
M85118,68.0,76.5,21
M85123,60.7,56.6,51
M85124,52.8,48.8,70
M85128,85.3,76.9,43
M85136,87.8,80.2,89
M85139,66.0,59.5,36
M85141,82.3,84.0,25
M85143,82.5,75.7,61
M85145,76.8,71.4,76
M85146,73.3,77.3,46
M85149,56.9,63.9,32
M85153,70.8,67.8,28
M85154,57.1,47.7,24
M85155,91.0,93.6,58
M85156,81.1,81.3,83
M85158,88.5,80.2,19
M85164,72.6,65.0,95
M85167,73.6,75.1,127
M85170,65.4,51.9,32
M85171,73.0,58.6,21
M85172,81.6,79.5,111
M85174,78.7,71.1,35
M85175,80.7,77.1,90
M85176,75.3,71.5,39
M85177,82.4,76.9,50
M85178,61.5,54.7,263
M85179,80.3,75.9,41
M85600,85.9,79.7,136
M85624,82.5,84.3,52
M85634,61.3,58.9,59
M85642,77.8,69.4,46
M85669,82.4,75.6,58
M85670,62.2,65.0,22
M85676,48.7,40.8,30
M85679,89.3,89.4,48
M85680,85.4,86.4,20
M85684,70.3,73.2,29
M85686,96.8,95.5,15
M85693,72.5,79.6,18
M85694,82.8,84.5,30
M85697,78.0,77.5,36
M85699,54.0,50.1,28
M85701,77.8,79.7,37
M85706,74.3,70.9,101
M85711,81.2,70.5,32
M85713,86.9,82.8,44
M85715,67.8,58.1,75
M85716,70.5,63.2,37
M85717,63.4,60.6,26
M85721,80.3,77.8,93
M85722,38.1,27.9,20
M85730,77.0,80.9,42
M85732,85.6,82.2,21
M85733,82.8,69.3,59
M85735,61.3,55.0,37
M85736,56.2,53.5,28
M85739,79.0,75.0,42
M85746,61.8,58.0,31
M85749,63.3,54.6,18
M85756,60.4,62.2,17
M85757,62.4,55.5,25
M85759,86.2,75.9,58
M85766,78.5,72.3,32
M85770,96.5,100.0,21
M85774,74.2,70.8,51
M85778,58.2,62.1,119
M85779,85.8,88.0,24
M85781,64.9,54.5,24
M85783,78.1,81.4,41
M85792,96.0,93.9,33
M85794,57.6,62.7,23
M85797,58.2,55.5,76
M85803,67.5,56.8,69
M88020,94.3,82.3,125
M89001,81.1,81.7,30
M89002,59.0,49.4,37
M89003,71.7,61.1,290
M89005,90.0,88.2,80
M89007,74.2,73.0,51
M89008,69.0,62.4,92
M89009,67.5,59.5,77
M89010,84.0,82.5,95
M89012,62.3,59.1,67
M89013,80.0,71.8,46
M89015,72.9,58.8,91
M89016,75.4,74.4,100
M89017,63.7,57.8,370
M89019,74.1,56.3,82
M89021,86.5,89.0,44
M89024,82.6,84.4,34
M89026,73.6,70.1,79
M89027,84.1,77.7,67
M89030,88.8,85.7,56
M89608,94.1,97.0,37
M91642,97.3,91.7,16
Y00159,43.2,40.5,133
Y00412,65.1,61.0,37
Y00471,79.7,75.1,65
Y00492,85.1,79.6,71
Y01057,83.0,84.8,11
Y01068,77.4,66.3,35
Y02567,53.6,55.8,28
Y02571,94.1,93.8,76
Y02794,72.6,65.5,76
Y02893,71.6,73.5,149
Y03597,71.9,70.4,47
Y05826,82.6,83.0,48
Y06378,79.2,70.7,49
B86002,77.7,80.0,114
B86003,69.6,54.2,117
B86004,84.9,88.8,74
B86005,96.6,87.6,54
B86006,65.8,63.2,103
B86007,82.0,76.1,73
B86008,69.6,58.3,130
B86009,47.2,30.5,39
B86010,79.7,75.1,82
B86011,78.6,66.7,77
B86012,80.5,85.4,152
B86013,67.1,66.9,130
B86014,69.6,61.0,94
B86015,85.1,82.8,120
B86016,86.8,75.3,157
B86017,87.4,85.1,155
B86018,70.4,66.5,56
B86019,70.2,59.9,141
B86020,81.2,79.3,93
B86022,63.4,56.5,87
B86024,82.6,74.7,81
B86025,86.3,85.9,96
B86028,72.9,75.5,38
B86029,86.9,86.7,52
B86030,74.0,72.1,89
B86032,80.9,75.8,160
B86033,93.9,87.8,117
B86034,95.5,89.8,67
B86035,77.8,80.4,74
B86036,82.0,65.6,95
B86038,65.5,67.1,74
B86039,72.2,71.6,71
B86041,78.9,76.3,62
B86042,75.9,68.5,115
B86043,68.3,66.2,67
B86044,74.1,66.8,210
B86048,83.5,71.7,127
B86049,80.2,86.3,82
B86050,64.8,48.4,133
B86051,88.3,78.2,138
B86052,87.2,91.6,108
B86054,70.2,68.0,43
B86055,79.1,64.1,52
B86057,86.0,75.7,171
B86059,85.9,78.6,143
B86060,89.5,78.0,98
B86061,75.5,75.8,38
B86062,77.0,65.1,67
B86064,79.2,59.5,137
B86066,66.6,75.8,96
B86067,80.1,77.5,140
B86068,91.3,92.9,74
B86069,88.7,88.6,137
B86070,73.7,71.3,35
B86071,63.3,65.8,53
B86075,78.5,60.7,107
B86081,68.6,68.6,91
B86086,75.0,76.4,60
B86089,80.4,73.4,50
B86092,85.4,76.4,60
B86093,81.1,69.3,47
B86094,71.8,66.2,35
B86096,68.2,75.8,38
B86100,75.8,68.8,61
B86101,85.7,80.6,31
B86103,74.2,66.4,32
B86104,68.0,50.9,110
B86106,66.0,64.6,47
B86108,83.3,83.4,53
B86109,95.1,94.4,79
B86110,80.7,81.5,392
B86623,77.7,74.5,35
B86642,75.7,82.0,23
B86643,76.8,71.8,28
B86648,93.3,85.3,25
B86655,73.2,77.9,16
B86658,77.4,79.6,89
B86666,71.1,79.5,39
B86667,84.6,88.4,65
B86669,87.7,92.7,32
B86672,81.6,80.0,56
B86673,68.9,59.1,53
B86675,80.1,76.6,40
B86678,95.0,89.3,29
Y02002,72.1,67.0,176
Y02494,66.0,60.7,55
C81001,89.2,87.8,106
C81002,77.9,81.8,102
C81003,91.1,89.4,98
C81004,59.0,64.1,65
C81005,81.8,67.2,144
C81006,66.2,61.3,180
C81007,80.2,75.3,95
C81008,48.8,34.6,49
C81009,75.4,65.4,167
C81010,79.1,68.3,114
C81012,89.0,73.0,147
C81013,85.1,86.2,44
C81014,72.7,64.5,87
C81015,87.8,72.7,113
C81016,81.4,78.5,76
C81017,73.7,53.0,69
C81020,72.4,59.5,82
C81021,63.9,54.0,97
C81022,95.9,93.2,41
C81023,81.7,75.0,70
C81025,84.0,81.5,91
C81026,68.6,75.3,47
C81027,94.1,81.4,80
C81029,75.7,66.3,135
C81030,93.7,88.5,92
C81031,86.6,71.7,85
C81032,68.3,65.9,98
C81033,87.5,82.3,145
C81034,92.1,87.6,110
C81035,69.7,66.6,85
C81036,59.2,54.6,31
C81037,91.6,79.6,104
C81038,83.4,74.1,111
C81039,95.6,88.8,37
C81040,92.0,79.6,80
C81041,81.0,70.0,99
C81042,75.9,70.3,100
C81044,77.5,71.9,70
C81045,59.0,49.0,82
C81046,67.9,69.9,34
C81047,73.4,59.3,95
C81048,86.5,70.0,101
C81049,86.2,84.6,86
C81050,78.8,80.4,78
C81051,62.1,48.1,175
C81052,55.6,48.1,42
C81053,83.7,79.9,94
C81054,49.1,40.9,170
C81055,89.8,84.6,45
C81056,61.5,62.4,42
C81057,83.7,81.3,93
C81058,88.9,74.2,82
C81059,66.7,66.5,42
C81060,62.5,49.0,70
C81061,62.8,54.1,116
C81062,91.6,88.7,89
C81063,86.3,80.4,86
C81064,65.1,66.2,86
C81065,86.9,69.8,82
C81066,84.4,69.4,105
C81067,85.3,83.7,91
C81068,65.8,57.5,83
C81069,85.6,85.7,123
C81070,83.0,81.0,35
C81071,52.0,32.1,66
C81072,73.5,57.0,208
C81073,74.1,63.1,99
C81075,74.1,78.1,41
C81080,88.7,89.3,76
C81081,84.1,75.7,178
C81082,98.5,98.7,37
C81083,80.4,67.0,139
C81084,73.0,64.2,155
C81086,79.4,70.5,69
C81089,91.1,90.0,58
C81091,73.0,71.7,65
C81092,96.9,88.2,61
C81094,90.1,79.8,79
C81095,72.1,69.2,36
C81096,84.5,78.0,50
C81097,47.6,35.4,29
C81099,73.0,64.3,83
C81101,86.4,90.3,77
C81106,92.5,83.9,71
C81108,55.4,49.5,89
C81110,79.0,65.6,96
C81113,66.5,55.5,43
C81114,73.5,63.2,100
C81115,86.5,83.5,46
C81118,67.8,58.1,55
C81604,94.3,93.2,45
C81611,78.9,80.9,83
C81615,86.2,87.6,20
C81616,86.0,73.8,45
C81634,87.6,91.6,42
C81638,91.4,78.6,38
C81640,84.2,87.6,31
C81647,67.6,71.7,30
C81649,96.1,75.6,79
C81652,77.1,71.6,41
C81653,87.1,73.2,39
C81655,95.4,90.1,38
C81658,96.7,96.0,79
C81662,80.7,77.8,72
Y01812,65.2,51.7,74
Y04977,81.1,85.0,46
Y04995,69.8,58.5,136
Y05286,39.7,44.8,64
Y05733,55.3,54.7,36
L83002,76.7,73.4,145
L83003,77.9,71.2,95
L83004,72.0,69.5,86
L83005,87.7,91.5,145
L83006,53.5,51.5,183
L83007,91.0,88.9,90
L83008,54.1,49.9,165
L83010,83.8,94.8,63
L83011,86.3,83.7,79
L83012,97.9,97.4,33
L83013,79.9,76.4,130
L83014,58.2,61.0,128
L83015,58.6,50.9,47
L83016,75.1,75.4,331
L83019,81.2,73.3,84
L83020,91.8,91.8,124
L83021,83.4,79.0,90
L83023,92.8,82.5,56
L83024,91.3,95.5,83
L83025,93.1,92.3,76
L83026,89.5,94.2,50
L83027,73.1,66.5,60
L83028,58.4,57.5,67
L83029,68.8,68.1,59
L83030,83.5,85.6,90
L83031,74.6,70.3,96
L83034,70.1,61.7,73
L83035,82.4,78.4,141
L83036,80.2,84.6,98
L83038,89.6,84.3,132
L83039,79.3,81.3,43
L83040,88.7,87.5,158
L83041,96.6,96.6,91
L83042,73.5,79.4,74
L83043,87.4,84.9,137
L83044,93.3,96.6,82
L83045,81.2,69.2,129
L83046,75.2,71.8,74
L83048,75.7,67.2,86
L83049,99.4,97.0,36
L83050,87.7,83.7,125
L83051,73.4,72.2,81
L83052,76.2,73.9,105
L83054,82.5,71.6,52
L83055,80.5,69.7,137
L83056,86.7,79.9,244
L83057,79.5,74.8,67
L83058,82.4,75.8,68
L83059,92.5,89.9,99
L83064,82.1,66.8,106
L83066,86.3,77.8,158
L83067,81.9,76.5,135
L83069,71.6,58.3,116
L83070,89.0,86.5,47
L83071,91.4,90.5,77
L83072,61.9,57.8,80
L83073,90.1,82.4,180
L83075,97.1,95.6,62
L83076,79.8,66.5,93
L83077,97.7,97.0,80
L83079,86.7,84.5,78
L83081,83.9,87.8,57
L83082,97.3,96.4,35
L83083,81.2,84.2,128
L83084,85.6,74.4,73
L83085,93.6,90.0,183
L83086,93.3,93.0,51
L83087,85.6,80.0,137
L83088,100.0,96.3,57
L83089,79.8,77.2,113
L83092,84.0,70.8,139
L83094,84.8,79.5,75
L83095,80.8,69.8,134
L83096,85.4,75.5,164
L83097,73.2,65.3,96
L83098,98.7,97.8,56
L83099,84.0,84.1,50
L83100,50.2,49.2,226
L83101,75.9,81.7,125
L83102,94.0,92.3,78
L83103,67.2,64.1,116
L83105,91.8,87.4,64
L83106,96.6,83.6,98
L83111,91.8,86.7,152
L83112,89.6,92.4,61
L83113,58.8,58.9,44
L83115,84.2,78.4,40
L83116,93.6,93.3,53
L83118,74.5,73.7,139
L83120,89.5,79.0,164
L83127,68.7,66.9,113
L83128,71.0,73.2,56
L83129,91.3,93.5,29
L83131,79.8,69.1,214
L83134,96.1,96.4,41
L83136,94.8,88.2,62
L83137,81.2,80.9,109
L83143,81.8,74.8,37
L83146,92.0,85.0,47
L83147,75.1,68.3,111
L83148,88.4,85.9,36
L83607,83.2,71.1,48
L83616,79.4,77.2,20
L83624,65.7,61.8,51
L83628,89.8,84.5,61
L83639,93.4,87.7,29
L83646,80.4,85.4,72
L83648,77.1,84.5,195
L83651,76.5,79.8,34
L83655,90.7,82.3,68
L83663,77.8,83.0,25
L83666,83.2,77.4,33
L83673,81.3,82.9,7
Y00568,75.1,79.1,38
Y02633,87.4,89.4,54
Y04662,68.1,61.6,36
A81001,84.7,66.9,33
A81002,85.7,76.4,168
A81004,72.1,60.5,84
A81005,74.5,65.9,61
A81006,89.0,80.8,132
A81007,73.6,64.8,79
A81009,55.7,42.2,46
A81011,75.2,78.1,92
A81012,79.1,82.8,44
A81013,86.9,87.8,69
A81014,80.2,81.8,35
A81016,71.7,77.5,88
A81017,71.3,63.1,133
A81018,70.5,68.7,74
A81019,74.5,79.6,64
A81020,74.7,58.3,58
A81021,74.4,64.6,173
A81022,72.6,57.3,70
A81023,84.3,72.7,74
A81025,69.8,56.9,29
A81026,62.5,59.8,127
A81027,79.0,63.4,119
A81029,90.8,94.7,65
A81030,90.7,80.5,153
A81031,59.9,53.5,83
A81032,89.0,92.6,110
A81034,79.3,77.1,167
A81035,82.4,77.6,82
A81036,67.7,55.6,112
A81037,74.4,61.2,51
A81038,76.0,63.3,27
A81039,93.8,83.1,123
A81040,74.8,75.6,66
A81041,75.5,68.4,74
A81042,80.3,72.8,124
A81044,68.3,63.7,131
A81045,76.9,73.3,50
A81046,75.4,74.2,95
A81048,81.5,76.1,62
A81049,73.0,62.9,46
A81051,76.8,68.4,57
A81052,71.6,70.2,74
A81053,77.3,77.8,47
A81054,78.1,77.2,69
A81056,95.8,95.1,24
A81057,78.8,67.9,80
A81058,78.8,66.9,73
A81060,79.5,72.3,52
A81063,76.4,80.9,42
A81064,77.0,80.2,65
A81066,88.2,90.0,50
A81067,75.9,57.9,83
A81070,54.2,46.8,33
A81602,93.2,98.3,22
A81608,91.2,95.0,161
A81610,69.1,63.8,55
A81611,85.8,83.3,81
A81612,88.5,88.5,38
A81618,90.6,80.5,98
A81621,79.0,72.3,19
A81622,57.5,54.8,32
A81629,83.8,86.1,86
A81631,77.5,73.2,60
A83005,84.5,77.7,106
A83006,96.2,89.8,85
A83010,82.7,78.3,115
A83013,83.4,83.5,111
A83031,84.0,72.1,104
A83034,89.2,93.7,105
A83040,82.5,84.3,103
A83047,86.8,76.2,134
A83048,98.5,100.0,65
A83070,94.1,89.7,59
A83641,85.7,84.8,43
Y00286,67.5,65.5,23
M81001,68.2,61.2,121
M81002,89.1,83.6,133
M81004,84.3,85.2,140
M81005,84.3,81.2,118
M81006,77.1,77.8,177
M81007,85.4,77.3,52
M81008,86.3,86.8,184
M81009,88.7,83.4,53
M81010,81.1,85.0,122
M81011,98.3,98.5,74
M81012,62.3,67.0,91
M81015,85.4,74.6,84
M81016,76.9,81.8,158
M81017,67.6,76.8,83
M81018,92.8,92.2,65
M81019,72.6,69.3,129
M81020,73.6,74.9,91
M81021,81.3,77.6,109
M81022,75.7,71.9,140
M81024,88.1,84.5,49
M81025,83.4,88.8,45
M81026,55.8,54.6,270
M81027,91.1,87.2,90
M81029,89.7,93.8,79
M81032,82.1,80.1,108
M81033,97.8,98.0,79
M81034,82.8,75.6,77
M81035,77.1,87.7,112
M81037,70.9,77.2,88
M81038,83.2,82.9,111
M81039,91.1,81.1,115
M81040,84.9,84.0,196
M81041,92.9,86.7,107
M81042,91.6,83.7,96
M81043,79.9,73.6,76
M81044,88.5,86.4,110
M81045,98.0,96.3,53
M81046,88.8,86.4,115
M81047,78.8,80.5,87
M81048,93.1,87.4,93
M81049,80.8,77.2,94
M81054,72.9,71.5,57
M81055,87.8,81.4,52
M81056,78.2,77.9,105
M81057,85.2,76.9,142
M81058,88.4,83.5,96
M81061,83.4,84.7,81
M81063,67.9,63.6,96
M81064,88.1,83.1,75
M81066,61.1,45.6,54
M81067,97.6,100.0,56
M81068,85.6,85.9,138
M81069,76.6,75.4,77
M81070,80.9,82.5,96
M81072,75.5,60.2,55
M81074,85.6,74.3,100
M81075,79.7,69.9,109
M81076,80.7,81.3,26
M81077,93.9,97.9,49
M81078,83.3,86.8,58
M81081,92.4,85.1,54
M81082,79.6,70.8,126
M81083,82.5,84.4,43
M81084,83.5,81.0,48
M81090,91.3,90.5,35
M81091,77.1,74.6,113
M81092,63.9,62.4,37
M81093,71.4,65.2,74
M81094,80.2,80.5,79
M81600,95.4,93.0,41
M81604,78.9,83.6,56
M81605,97.4,98.3,57
M81608,95.1,88.4,40
M81616,75.3,74.3,26
M81617,77.7,73.1,42
M81627,79.7,87.6,70
M81629,83.0,78.3,90
Y03602,88.6,93.9,57
D82001,89.5,85.1,137
D82002,66.2,61.4,87
D82003,62.1,64.4,161
D82004,77.6,76.0,103
D82005,85.2,73.2,89
D82006,90.3,86.0,86
D82007,84.1,76.2,221
D82008,86.3,79.7,177
D82009,68.9,72.7,54
D82010,76.9,83.5,44
D82011,87.3,83.7,163
D82012,93.4,87.5,142
D82013,74.7,73.7,66
D82015,78.2,73.0,70
D82016,84.9,70.9,91
D82017,68.6,59.1,78
D82018,85.1,77.1,99
D82019,67.1,66.9,138
D82020,52.1,40.6,70
D82022,85.7,79.9,65
D82023,69.5,59.2,104
D82024,70.3,62.0,96
D82025,86.6,89.0,98
D82026,86.1,85.2,78
D82027,67.1,70.9,56
D82028,74.6,69.6,48
D82029,86.7,76.3,173
D82030,86.6,80.6,82
D82031,81.8,82.1,71
D82032,90.4,92.1,80
D82034,61.9,58.5,121
D82035,70.0,64.6,81
D82036,80.5,79.6,76
D82037,81.4,74.4,96
D82038,89.6,93.6,32
D82039,74.8,64.0,69
D82040,77.2,71.2,98
D82041,72.0,59.7,77
D82042,54.1,51.5,49
D82043,68.6,66.0,48
D82044,76.2,72.1,239
D82045,80.6,74.6,160
D82046,87.9,86.2,42
D82047,71.7,60.0,55
D82048,71.7,68.7,92
D82049,72.7,64.6,27
D82050,85.9,81.5,98
D82051,92.2,97.8,173
D82053,86.0,88.7,54
D82054,79.0,70.4,133
D82056,72.4,62.8,76
D82057,78.9,72.8,62
D82058,84.5,80.5,161
D82059,87.8,93.3,110
D82062,85.7,86.4,80
D82063,62.8,55.3,93
D82064,55.4,47.1,124
D82065,74.8,58.8,62
D82066,85.1,85.0,62
D82067,88.2,90.5,136
D82068,84.7,84.7,69
D82070,88.5,85.8,61
D82071,72.1,67.2,106
D82072,83.1,82.5,36
D82073,72.3,69.5,112
D82076,84.1,75.4,76
D82078,93.3,85.7,97
D82079,88.7,81.1,52
D82080,88.0,84.4,80
D82084,78.2,82.7,68
D82085,99.1,99.5,83
D82087,72.7,63.8,51
D82088,84.0,93.8,195
D82096,78.1,78.1,65
D82099,74.9,54.7,135
D82100,92.6,91.8,45
D82104,74.6,67.8,76
D82105,89.7,85.7,71
D82106,87.2,90.8,55
D82600,96.3,97.4,20
D82604,79.0,78.9,30
D82618,75.1,74.5,46
D82621,88.0,85.5,63
D82624,86.8,83.1,72
D82628,95.2,86.8,42
D83002,74.3,75.4,118
D83009,72.8,73.9,151
D83010,80.8,80.5,57
D83011,66.9,62.1,86
D83016,81.0,81.7,91
D83022,95.6,97.3,56
D83023,70.2,61.3,84
D83030,81.6,73.2,63
D83034,82.9,80.3,104
D83035,84.6,85.1,97
D83047,82.9,69.5,138
D83608,88.5,87.8,61
Y00297,71.0,69.4,34
Y01690,80.2,64.1,57
Y02751,77.9,80.2,92
Y03222,94.2,92.5,65
Y03595,86.8,76.7,61
Y06275,86.4,82.8,54
N81001,88.5,89.5,49
N81002,90.2,86.2,116
N81005,87.6,84.6,91
N81006,91.6,90.5,53
N81008,90.2,84.5,108
N81009,69.3,62.0,55
N81010,85.1,78.2,74
N81013,82.0,79.0,60
N81016,65.7,62.9,212
N81018,93.2,90.7,81
N81022,80.0,78.4,289
N81024,81.3,77.2,89
N81025,91.7,91.8,103
N81027,72.4,78.4,111
N81029,86.1,86.5,113
N81030,89.0,75.6,159
N81031,99.4,98.7,66
N81032,86.6,83.0,256
N81033,97.8,92.3,89
N81034,91.5,88.3,126
N81038,97.7,91.8,80
N81039,85.0,76.3,104
N81040,84.9,90.2,59
N81043,72.2,72.4,46
N81044,57.1,43.3,64
N81046,75.0,69.8,77
N81047,66.2,52.2,87
N81049,77.0,74.0,189
N81050,76.1,67.0,154
N81051,79.8,77.5,59
N81052,80.7,73.0,108
N81053,73.1,64.1,128
N81055,78.3,68.4,59
N81060,92.8,77.8,89
N81061,81.3,78.7,85
N81062,87.7,80.7,139
N81063,85.3,74.8,104
N81067,65.2,56.3,61
N81068,68.4,66.8,106
N81069,99.4,97.5,49
N81070,96.1,96.4,102
N81071,85.0,88.8,41
N81074,85.3,86.9,47
N81077,87.8,88.8,121
N81079,83.7,81.7,87
N81080,79.7,75.7,75
N81081,71.6,74.6,77
N81082,67.6,69.3,109
N81084,87.1,79.7,195
N81085,90.5,86.8,94
N81086,81.2,78.6,133
N81087,71.3,65.0,183
N81088,83.7,79.6,111
N81090,80.0,78.7,43
N81092,88.1,78.5,134
N81093,67.2,71.0,110
N81100,86.5,88.6,70
N81101,82.5,77.2,69
N81102,84.7,77.1,38
N81111,80.6,69.0,61
N81113,77.8,72.3,59
N81115,86.3,82.6,67
N81117,79.0,72.0,45
N81118,75.1,69.6,68
N81120,88.9,88.4,55
N81121,81.5,77.6,61
N81123,86.7,83.5,61
N81125,89.5,82.1,74
N81127,89.4,88.0,80
N81607,67.0,69.0,24
N81614,99.3,99.3,59
N81624,76.4,66.1,68
N81626,93.0,88.1,42
N81632,85.1,79.4,50
N81642,78.0,81.0,38
N81655,100.0,100.0,4
Y04664,77.2,69.0,36
Y05750,97.2,,1
B82007,86.1,77.8,90
B82053,79.2,73.0,129
B83002,83.0,85.2,48
B83005,57.4,60.0,37
B83008,71.0,61.7,139
B83009,74.4,76.2,119
B83010,58.5,48.3,59
B83012,68.4,50.9,73
B83014,87.0,81.5,125
B83015,63.7,61.5,54
B83016,79.9,78.4,65
B83018,67.1,67.3,85
B83019,86.9,84.3,63
B83020,50.6,40.1,94
B83022,94.4,97.7,100
B83025,90.9,84.9,39
B83026,55.3,40.8,30
B83028,73.6,66.4,79
B83029,72.8,60.9,75
B83031,89.2,83.0,37
B83032,63.3,59.2,26
B83033,66.3,60.9,593
B83034,44.5,44.3,30
B83035,68.4,64.8,100
B83037,67.0,65.7,71
B83038,65.8,62.8,117
B83039,84.9,69.6,212
B83041,65.6,56.9,93
B83042,85.3,83.0,72
B83045,67.2,61.9,84
B83051,74.8,77.8,80
B83052,57.4,27.7,128
B83054,70.8,50.9,45
B83055,42.3,37.8,129
B83056,80.2,69.6,66
B83058,68.6,67.3,55
B83062,71.7,64.3,63
B83063,60.0,50.4,118
B83064,79.3,72.4,88
B83067,80.1,78.0,66
B83604,76.4,74.4,34
B83611,64.9,54.9,71
B83614,62.1,64.2,56
B83620,92.2,90.1,35
B83622,85.9,74.0,35
B83624,84.2,81.2,156
B83626,61.2,57.6,37
B83627,78.5,74.7,28
B83628,67.5,59.7,64
B83629,69.4,70.3,21
B83641,69.6,66.3,66
B83642,74.3,69.6,32
B83653,60.4,51.1,44
B83657,84.1,83.2,49
B83659,76.9,70.5,29
B83660,68.9,60.6,40
B83661,74.5,72.5,20
Y01118,80.7,84.8,28
H83001,68.7,62.8,105
H83004,97.0,96.7,117
H83005,93.7,93.8,141
H83006,77.4,74.1,88
H83007,91.2,88.2,95
H83008,88.9,81.4,36
H83009,68.5,65.2,76
H83010,88.9,81.4,62
H83011,77.9,72.5,63
H83012,81.2,78.8,76
H83013,89.5,78.8,169
H83014,95.6,90.6,70
H83015,79.8,73.5,110
H83016,67.4,67.1,163
H83017,70.3,54.3,99
H83018,88.7,78.5,161
H83019,71.6,69.2,56
H83020,79.5,68.7,84
H83021,67.2,59.0,41
H83022,66.7,61.8,41
H83023,74.7,65.4,50
H83024,62.1,52.5,110
H83028,92.1,85.0,92
H83029,85.3,81.5,44
H83030,79.6,69.1,25
H83031,81.1,66.4,30
H83033,92.1,89.4,42
H83034,67.3,69.3,47
H83037,82.1,70.8,65
H83039,93.0,92.9,80
H83042,78.9,73.5,73
H83043,78.6,84.5,62
H83044,74.6,67.0,195
H83049,87.8,93.9,23
H83051,71.7,64.2,143
H83052,85.8,85.0,25
H83053,82.0,72.5,124
H83608,70.3,63.9,81
H83609,86.4,82.1,44
H83611,92.8,92.7,53
H83624,85.1,77.8,75
H83627,80.5,87.6,64
H83631,67.8,59.2,76
H84002,89.9,82.6,117
H84005,81.6,78.6,121
H84006,95.0,91.0,167
H84007,79.3,72.6,64
H84010,86.9,87.7,83
H84012,81.2,83.9,122
H84014,87.7,88.5,23
H84015,90.1,92.2,82
H84016,72.1,65.9,124
H84017,84.5,84.0,110
H84018,87.3,78.2,62
H84020,69.4,70.6,177
H84023,75.0,81.3,102
H84025,82.6,73.4,60
H84027,85.8,79.5,150
H84030,65.5,65.2,89
H84031,86.3,80.1,50
H84032,84.6,83.6,81
H84033,77.9,73.2,52
H84034,93.9,84.3,83
H84039,88.5,90.6,107
H84040,85.1,88.8,100
H84041,76.4,66.3,56
H84042,81.0,85.8,113
H84044,74.2,75.6,62
H84048,87.6,93.2,76
H84050,89.9,84.8,68
H84051,73.6,71.6,56
H84053,88.2,89.5,52
H84054,74.2,76.8,29
H84055,83.4,75.7,98
H84057,84.9,84.1,31
H84059,84.8,85.5,44
H84060,92.8,92.4,71
H84061,87.0,82.2,246
H84062,90.5,83.9,80
H84618,81.6,81.9,44
H84619,93.3,85.8,104
H84623,83.0,75.8,74
H84625,67.0,60.0,34
H84630,83.5,82.5,30
H84635,81.1,74.5,129
H84639,67.7,70.9,41
H85001,73.9,79.1,155
H85002,83.6,66.5,106
H85003,83.1,81.1,65
H85006,83.6,81.9,58
H85007,86.5,79.0,97
H85008,76.1,78.9,53
H85009,80.5,68.9,122
H85011,86.8,81.5,92
H85012,78.2,82.0,210
H85018,85.6,86.5,77
H85020,76.8,73.6,255
H85021,78.3,80.7,50
H85022,90.3,92.3,42
H85023,77.3,78.3,38
H85024,75.5,76.8,66
H85025,88.1,86.0,143
H85026,86.2,80.2,130
H85027,88.4,84.2,126
H85028,79.1,77.4,89
H85029,68.9,60.0,106
H85030,85.1,83.3,116
H85031,84.2,79.9,102
H85033,73.3,51.6,74
H85037,80.1,75.5,122
H85038,75.9,74.2,86
H85041,85.4,78.1,133
H85045,92.2,89.3,138
H85047,80.7,72.5,109
H85048,81.5,71.7,137
H85049,73.9,70.1,52
H85051,89.9,85.7,168
H85052,85.1,89.9,39
H85053,69.6,71.7,37
H85055,88.8,90.8,69
H85057,84.8,88.8,67
H85061,91.2,82.8,227
H85063,57.8,55.7,74
H85065,88.7,80.7,42
H85066,89.9,86.6,191
H85067,79.7,72.0,24
H85069,89.6,83.1,147
H85070,91.7,80.1,92
H85075,83.2,81.0,49
H85076,79.7,73.3,83
H85077,90.5,90.8,62
H85078,68.3,78.4,31
H85082,71.0,62.5,35
H85087,94.5,87.9,107
H85088,89.2,90.6,25
H85090,90.1,84.0,102
H85092,93.4,96.1,58
H85095,76.2,66.2,116
H85100,82.0,82.1,67
H85101,89.0,77.6,82
H85103,88.6,85.4,64
H85105,74.2,74.5,103
H85110,74.7,78.2,42
H85111,75.2,73.8,115
H85112,87.5,86.9,53
H85113,85.8,86.7,40
H85114,77.8,68.1,101
H85115,67.6,63.8,88
H85116,55.5,54.8,65
H85618,71.2,66.7,65
H85634,77.9,76.5,61
H85637,87.9,85.2,12
H85649,63.6,63.9,74
H85653,80.4,75.5,156
H85656,74.5,67.3,44
H85659,83.7,87.2,103
H85662,76.0,76.6,43
H85664,67.3,64.9,15
H85680,63.4,63.9,64
H85682,78.7,77.7,89
H85683,62.5,63.3,28
H85686,92.2,88.2,103
H85693,78.3,80.7,78
Y01132,85.5,87.1,119
Y01206,76.1,68.0,79
Y02423,88.2,80.6,415
Y02946,90.0,89.1,86
Y05317,60.5,51.1,45
Y05318,82.5,79.6,48
Y05857,,,-97
B82002,85.4,84.2,71
B82004,77.1,78.5,91
B82008,91.9,92.1,88
B82010,75.7,73.6,61
B82011,87.1,92.5,52
B82012,89.6,89.7,144
B82013,77.7,72.8,170
B82014,90.3,93.5,64
B82016,82.4,80.0,137
B82017,81.7,64.3,119
B82018,91.3,95.3,67
B82019,96.2,93.0,40
B82022,97.1,98.9,60
B82023,83.5,70.8,52
B82024,49.3,56.6,45
B82025,71.8,67.2,160
B82027,83.5,85.2,125
B82029,92.3,86.6,33
B82030,95.5,91.3,61
B82031,83.5,79.9,92
B82032,84.2,87.2,107
B82033,89.9,86.3,107
B82034,100.0,97.9,70
B82035,91.6,92.9,34
B82036,92.4,91.8,75
B82037,72.3,71.7,69
B82038,64.9,55.3,166
B82041,79.0,82.1,130
B82042,80.6,78.7,73
B82044,94.4,88.8,97
B82045,87.4,88.5,40
B82046,92.5,90.5,31
B82049,88.0,80.9,76
B82050,86.2,85.4,198
B82054,88.0,83.3,154
B82057,96.7,96.0,74
B82059,84.5,82.7,102
B82060,72.8,77.2,98
B82063,94.5,88.9,99
B82064,93.6,92.7,36
B82066,88.1,89.5,93
B82067,98.4,93.2,87
B82068,93.9,93.7,36
B82069,84.9,78.1,69
B82072,98.1,98.9,55
B82073,76.9,74.5,86
B82074,91.0,89.0,176
B82075,83.4,74.3,85
B82077,86.6,86.2,58
B82078,96.5,94.7,65
B82079,92.9,94.8,38
B82086,96.0,94.4,53
B82088,78.2,70.2,88
B82097,64.7,74.3,74
B82101,83.7,79.0,47
B82104,78.6,69.3,58
B82105,77.2,76.7,75
B82106,86.8,80.2,43
B82609,95.8,94.4,42
B82619,98.3,96.1,19
B82622,99.4,99.4,17
B82628,80.1,85.2,38
Y02669,75.3,62.4,40
Y07377,,,-97
C82040,98.1,96.4,98
C84004,47.0,49.2,44
C84005,86.5,79.8,251
C84009,69.3,65.9,99
C84010,64.6,49.6,126
C84011,79.1,79.6,74
C84012,73.9,64.3,93
C84014,82.5,76.3,100
C84016,73.9,68.0,121
C84017,71.9,63.0,198
C84018,70.4,61.4,85
C84019,62.3,66.3,81
C84020,62.9,58.7,45
C84021,77.2,66.5,105
C84023,89.2,95.3,418
C84025,91.7,94.4,78
C84026,80.8,71.6,108
C84028,86.9,85.9,68
C84029,76.3,73.8,174
C84030,89.6,92.2,111
C84032,74.5,64.1,144
C84033,81.8,78.8,77
C84034,75.7,67.7,69
C84036,62.8,56.1,119
C84037,62.8,59.2,84
C84039,77.0,60.7,102
C84042,62.9,57.7,47
C84043,65.3,53.1,81
C84044,76.6,77.2,82
C84045,77.7,83.2,66
C84046,82.5,75.6,74
C84047,86.1,80.3,95
C84049,73.1,75.5,95
C84051,71.7,62.3,140
C84053,64.7,55.9,110
C84055,62.9,59.6,72
C84057,87.3,90.6,39
C84059,64.1,62.9,82
C84060,63.9,53.1,55
C84061,71.2,71.0,68
C84063,61.4,53.1,52
C84064,76.7,72.9,77
C84065,80.2,79.1,41
C84066,71.6,54.0,78
C84067,82.5,76.2,49
C84069,83.1,66.7,116
C84072,74.2,78.2,72
C84074,85.9,83.5,45
C84076,89.8,90.2,38
C84077,71.8,64.3,137
C84078,74.6,60.0,99
C84080,83.2,85.2,121
C84081,77.5,79.6,54
C84084,85.1,82.1,75
C84085,85.4,74.8,94
C84086,93.0,88.9,137
C84087,61.5,54.8,36
C84090,79.6,68.4,79
C84091,69.3,60.8,59
C84092,77.8,78.0,42
C84095,67.9,55.5,50
C84105,66.3,67.4,48
C84106,60.6,65.9,53
C84107,58.5,50.8,44
C84112,72.8,79.3,28
C84113,80.4,76.1,62
C84115,93.4,89.9,92
C84116,67.9,57.6,57
C84117,73.8,79.6,164
C84120,75.9,56.9,122
C84122,72.7,67.1,76
C84123,68.2,72.3,31
C84129,72.3,67.7,72
C84131,87.8,75.7,76
C84136,77.2,68.8,39
C84140,87.2,82.3,45
C84142,89.2,84.8,48
C84144,87.0,84.7,44
C84150,76.0,73.2,38
C84151,88.2,86.9,31
C84605,89.7,87.4,164
C84613,67.4,59.9,83
C84619,82.6,76.1,57
C84621,85.3,81.9,43
C84624,81.1,77.2,47
C84628,73.7,76.5,56
C84629,74.3,70.9,33
C84637,76.6,58.7,76
C84646,58.8,46.2,41
C84654,84.8,72.0,39
C84656,93.2,86.2,81
C84658,59.5,46.9,61
C84660,90.6,98.1,43
C84664,81.0,80.3,44
C84667,85.1,79.3,51
C84676,73.8,68.3,60
C84679,93.1,89.9,43
C84682,89.1,91.9,46
C84683,62.0,56.6,70
C84691,54.9,56.3,49
C84693,69.5,57.5,37
C84694,74.5,81.3,33
C84695,79.3,77.6,34
C84696,72.6,68.1,36
C84703,86.8,84.7,59
C84704,79.2,79.9,62
C84705,70.7,64.5,53
C84714,67.1,76.9,49
C84720,,,-97
Y00026,72.0,69.8,19
Y02847,74.4,60.5,86
Y03124,61.9,58.4,33
Y05369,60.0,49.8,40
Y05622,69.4,65.7,32
Y05690,73.2,70.4,50
Y06356,41.3,42.4,39
Y06443,57.2,47.6,74
Y06792,67.3,69.6,46
H82003,88.9,84.4,97
H82004,86.7,81.0,46
H82005,77.0,72.6,97
H82006,81.6,79.4,52
H82007,86.9,67.3,120
H82009,91.5,81.2,157
H82011,77.5,70.0,127
H82012,84.2,89.2,127
H82013,87.5,81.0,124
H82014,55.0,55.1,78
H82016,71.4,61.9,97
H82017,59.3,48.2,123
H82020,65.7,65.8,69
H82021,89.1,87.0,62
H82022,86.5,85.4,108
H82023,78.7,72.1,291
H82025,85.1,76.8,147
H82026,62.7,64.0,120
H82027,70.7,66.7,29
H82028,65.9,62.3,101
H82030,89.0,87.4,126
H82031,92.9,88.5,67
H82032,96.0,88.4,133
H82033,74.6,59.7,54
H82034,73.3,61.9,218
H82035,80.5,66.7,90
H82036,87.1,84.6,83
H82037,74.8,69.7,103
H82038,70.2,66.3,96
H82039,77.4,69.0,88
H82040,51.4,44.2,152
H82041,87.2,79.1,126
H82042,74.1,65.2,109
H82043,76.3,78.5,94
H82044,77.1,80.5,86
H82045,82.8,72.9,181
H82046,68.0,65.6,83
H82047,77.8,78.5,98
H82048,73.8,73.4,96
H82049,78.4,69.4,87
H82050,84.7,78.9,92
H82051,69.4,54.5,91
H82052,83.6,71.3,145
H82053,73.7,65.1,55
H82055,81.1,76.7,114
H82056,91.7,91.1,133
H82057,85.8,81.7,191
H82058,86.2,80.5,161
H82059,79.9,84.5,100
H82060,77.1,79.0,83
H82061,95.7,95.6,93
H82063,79.9,76.8,139
H82064,79.5,67.7,91
H82065,83.4,65.7,126
H82066,65.6,66.8,109
H82067,82.9,87.5,69
H82070,91.6,86.9,130
H82072,77.7,73.9,107
H82076,96.9,96.4,42
H82077,67.7,61.7,93
H82078,67.2,54.3,71
H82084,87.3,72.8,71
H82087,75.2,76.5,33
H82088,72.1,78.0,46
H82089,70.1,58.5,82
H82091,47.2,40.1,41
H82092,78.8,83.2,89
H82095,77.1,66.5,86
H82096,70.9,62.0,38
H82098,75.8,73.5,78
H82099,80.2,72.3,70
H82100,72.8,71.9,63
H82615,75.4,74.4,72
H82640,91.7,89.1,156
Y00351,78.8,72.0,97
C82076,56.2,58.2,41
C83001,57.3,55.9,174
C83002,60.5,54.8,55
C83003,60.9,56.5,132
C83004,74.0,70.5,90
C83005,69.9,68.0,54
C83007,65.1,57.5,182
C83008,75.6,69.7,55
C83009,78.0,78.9,66
C83010,66.1,64.2,122
C83011,80.4,77.6,103
C83013,67.9,62.4,57
C83014,81.4,64.7,85
C83015,82.4,75.6,74
C83018,50.7,36.0,62
C83019,57.9,64.7,137
C83020,87.3,85.8,93
C83022,84.4,81.3,196
C83023,66.0,63.4,121
C83024,84.3,86.2,34
C83025,84.2,87.8,161
C83026,49.3,54.0,122
C83027,79.5,67.9,86
C83028,73.4,65.6,61
C83029,62.5,68.3,29
C83030,90.0,94.3,49
C83031,87.1,74.3,113
C83032,79.3,78.5,59
C83033,93.5,84.1,37
C83035,85.7,67.6,109
C83036,74.0,69.3,64
C83037,74.1,60.7,73
C83038,67.6,61.8,58
C83039,65.4,62.6,40
C83040,66.0,66.4,101
C83041,79.8,74.5,64
C83042,76.2,70.0,57
C83043,86.3,79.8,97
C83044,71.9,59.8,88
C83045,72.5,65.7,131
C83046,88.7,89.0,56
C83048,70.3,72.0,95
C83049,77.5,71.3,87
C83051,77.5,77.9,71
C83052,98.1,97.2,41
C83053,87.3,85.6,22
C83054,86.4,87.2,137
C83055,87.8,90.6,58
C83056,69.7,61.6,105
C83057,72.2,63.2,60
C83058,91.3,87.9,88
C83059,73.3,68.2,106
C83060,72.8,58.2,117
C83061,76.1,78.2,74
C83062,84.2,88.6,50
C83063,74.2,76.7,125
C83064,76.7,73.5,120
C83065,81.3,79.5,79
C83067,85.2,83.3,63
C83072,85.5,83.5,81
C83073,78.0,83.3,66
C83074,95.0,95.0,51
C83075,84.8,79.4,89
C83078,70.5,65.7,64
C83079,88.5,90.3,59
C83080,84.2,81.1,50
C83082,92.0,88.6,99
C83083,47.3,48.6,37
C83085,67.8,62.2,96
C83611,87.7,79.4,62
C83613,76.0,74.9,43
C83614,86.6,81.7,34
C83617,66.4,72.9,63
C83626,76.3,82.3,83
C83634,78.9,77.1,41
C83635,65.5,58.1,38
C83641,90.0,86.7,36
C83643,88.3,94.0,23
C83649,81.7,68.0,44
C83650,77.2,81.4,33
Y01652,95.0,95.4,63
G83001,88.7,89.1,107
G83002,72.7,72.0,70
G83004,69.6,60.3,96
G83006,70.9,60.4,114
G83009,85.5,69.4,100
G83010,75.2,74.6,111
G83012,79.0,68.9,125
G83013,76.9,85.1,62
G83015,68.6,68.7,53
G83016,54.1,46.0,66
G83018,61.1,71.4,116
G83019,58.1,42.1,91
G83021,78.0,81.0,145
G83024,92.8,93.7,46
G83025,78.6,79.6,93
G83026,77.8,77.6,62
G83027,61.0,66.7,123
G83028,72.5,77.2,104
G83029,83.5,77.8,63
G83030,69.5,78.8,45
G83031,78.4,74.9,56
G83033,61.2,56.8,35
G83039,84.1,79.9,85
G83044,82.5,77.9,106
G83046,84.6,81.7,56
G83049,81.0,79.6,101
G83052,70.7,53.3,127
G83053,79.8,77.8,165
G83057,83.2,73.3,98
G83058,82.1,81.7,101
G83060,84.2,85.5,63
G83062,62.7,60.9,69
G83065,81.5,78.6,131
G83066,62.5,53.8,129
G83067,76.1,71.4,245
G83628,78.1,72.1,80
G83630,66.5,63.0,81
G83631,72.7,72.7,36
G83633,74.3,73.6,43
G83635,74.5,82.6,35
G83641,86.9,86.6,33
G83642,63.7,52.6,63
G83647,80.3,79.4,65
G83651,73.9,73.9,48
G83654,71.7,69.4,41
G83673,84.6,82.8,56
G83680,77.6,68.0,203
G84001,77.8,74.8,106
G84002,73.9,72.6,98
G84003,72.4,80.5,87
G84004,83.1,77.4,82
G84005,84.0,82.5,44
G84006,73.2,64.5,75
G84007,61.4,55.2,51
G84008,82.7,85.6,54
G84009,87.3,88.7,38
G84010,68.2,68.1,165
G84011,81.9,73.2,72
G84013,76.9,78.4,32
G84015,71.3,61.1,82
G84016,59.2,51.2,81
G84017,69.0,71.6,64
G84018,83.3,75.7,67
G84019,73.1,64.1,80
G84020,69.6,64.2,65
G84023,74.8,73.2,77
G84024,70.8,62.1,68
G84025,83.7,75.6,78
G84027,83.9,72.5,176
G84028,85.0,78.6,63
G84029,86.6,79.7,35
G84030,83.5,73.5,58
G84032,68.0,65.5,98
G84033,90.0,79.4,77
G84035,58.0,56.9,49
G84039,74.5,74.4,28
G84040,71.2,75.6,74
G84041,86.9,87.2,36
G84604,71.6,71.6,61
G84607,81.1,67.3,46
G84609,80.1,79.2,29
G84621,54.2,56.4,23
G84624,84.6,76.8,23
G84625,82.2,82.1,62
G84627,82.2,74.4,60
G84629,88.8,85.9,58
G84630,55.1,52.8,16
G85001,51.4,55.8,55
G85002,64.3,57.4,160
G85004,71.7,65.1,256
G85006,68.7,72.8,66
G85011,81.1,68.1,178
G85013,76.0,75.3,71
G85014,76.2,79.3,93
G85015,52.2,40.3,51
G85016,86.9,80.4,139
G85019,85.3,84.2,33
G85020,81.6,77.3,144
G85021,70.5,70.0,36
G85022,81.2,73.6,135
G85023,71.5,71.0,108
G85024,71.9,68.7,110
G85025,83.3,76.4,116
G85026,81.3,79.0,38
G85028,93.6,93.4,133
G85029,65.3,59.5,125
G85030,80.3,77.7,53
G85031,70.1,56.4,51
G85032,84.4,77.7,102
G85034,79.4,75.3,639
G85038,66.3,59.4,355
G85039,87.5,82.7,169
G85040,66.7,62.1,100
G85041,86.2,90.4,73
G85042,84.3,78.8,60
G85044,94.6,96.8,56
G85045,92.0,84.2,80
G85046,86.3,87.0,109
G85047,78.4,79.1,91
G85051,93.0,91.6,86
G85052,77.7,74.8,86
G85053,59.4,60.5,157
G85054,76.8,79.9,65
G85057,75.9,80.1,98
G85061,92.7,92.6,91
G85073,91.1,86.5,75
G85076,66.9,62.2,70
G85083,83.8,87.2,120
G85084,75.2,69.4,133
G85085,85.4,82.7,121
G85086,80.1,82.3,95
G85087,67.1,68.8,120
G85091,84.8,88.2,56
G85096,60.3,54.6,69
G85100,87.3,87.9,87
G85102,69.1,77.0,74
G85104,80.1,75.8,83
G85105,75.5,72.4,51
G85109,88.7,80.9,205
G85114,59.9,56.1,78
G85119,79.1,75.1,53
G85120,67.9,57.0,46
G85121,77.9,74.6,79
G85123,82.3,75.4,94
G85125,70.2,71.2,45
G85127,86.3,83.9,60
G85129,78.1,78.7,61
G85130,74.6,72.1,85
G85132,53.1,50.4,84
G85134,87.6,83.4,81
G85135,76.2,83.3,95
G85136,74.6,80.2,131
G85137,86.0,86.6,77
G85138,75.3,70.8,123
G85623,67.0,62.1,78
G85632,85.0,83.4,82
G85633,80.4,78.2,168
G85642,68.0,70.3,77
G85644,77.1,70.6,51
G85647,94.3,88.6,71
G85651,71.6,63.8,51
G85662,85.7,89.2,71
G85673,83.5,72.2,62
G85674,91.5,95.5,69
G85681,82.2,86.9,42
G85685,87.0,81.6,83
G85690,83.8,85.1,62
G85695,74.4,72.2,57
G85696,79.4,81.2,132
G85698,70.7,73.0,121
G85705,74.6,76.6,63
G85706,83.2,84.2,50
G85708,76.1,74.8,89
G85711,73.6,73.7,96
G85715,69.5,72.2,84
G85716,88.0,81.9,54
G85721,94.2,88.5,69
G85722,71.7,67.1,80
G85724,77.4,75.8,166
G85726,78.8,76.0,62
G85727,89.5,87.3,61
G85736,82.1,82.5,37
Y00020,92.9,92.1,91
Y02811,91.3,80.2,102
Y02974,80.1,81.8,96
Y03063,69.7,66.5,62
Y03755,52.2,49.5,74
Y06113,86.5,75.8,3
Y06345,76.9,72.4,8
Y06545,51.0,46.5,1
Y07020,,,-97
Y08411,84.7,79.4,1
K83002,61.0,57.4,285
K83003,82.6,75.9,83
K83005,78.6,66.8,112
K83006,62.8,54.9,61
K83007,70.8,61.3,100
K83008,79.5,77.6,85
K83009,85.2,83.0,126
K83010,57.5,52.8,108
K83011,52.3,54.9,66
K83012,74.4,58.4,92
K83013,86.4,77.1,130
K83014,84.3,81.0,157
K83015,81.0,72.6,106
K83018,88.2,87.1,112
K83019,97.0,96.2,66
K83021,76.7,80.9,170
K83022,80.5,77.4,95
K83023,57.6,58.0,61
K83024,29.7,23.7,28
K83025,62.5,52.0,108
K83026,67.7,76.0,139
K83027,77.3,71.4,83
K83028,79.7,67.2,95
K83029,86.3,80.4,114
K83030,59.3,53.4,57
K83031,82.3,69.0,71
K83032,77.5,73.4,176
K83035,76.1,77.4,53
K83036,83.2,66.4,141
K83037,64.5,53.2,91
K83039,80.5,73.5,101
K83040,79.0,74.1,85
K83041,38.0,35.6,89
K83042,68.8,68.7,105
K83043,74.8,67.9,111
K83044,80.0,69.3,112
K83047,79.2,69.6,220
K83048,54.1,44.6,32
K83049,82.3,77.7,139
K83050,81.2,88.3,61
K83051,84.9,83.7,250
K83052,66.4,65.1,152
K83053,89.9,85.2,60
K83055,71.4,68.7,57
K83056,82.2,76.8,37
K83059,76.5,71.2,170
K83064,95.6,94.6,164
K83065,75.2,71.2,55
K83066,88.8,84.3,136
K83068,93.0,95.6,63
K83069,78.1,81.3,24
K83070,84.5,79.5,91
K83076,63.7,62.9,57
K83077,77.7,81.5,76
K83080,61.4,71.0,35
K83081,82.8,71.6,15
K83601,55.9,52.3,49
K83610,83.6,78.9,121
K83616,74.5,70.4,46
K83618,67.1,61.9,82
K83620,83.5,85.8,78
K83621,67.2,62.3,102
K83622,82.4,75.1,125
Y00399,72.1,71.0,31
A83001,82.8,83.9,133
A83003,86.9,81.2,84
A83007,69.2,67.5,74
A83008,76.1,92.2,42
A83009,77.9,69.4,65
A83011,73.8,75.1,272
A83012,71.4,72.8,115
A83014,81.4,82.7,53
A83015,83.2,82.2,84
A83016,85.4,87.4,96
A83018,78.8,74.7,141
A83020,74.6,62.8,104
A83021,87.7,78.0,144
A83022,85.5,86.3,232
A83023,87.9,88.5,112
A83024,88.9,85.7,52
A83025,90.5,83.6,129
A83026,75.1,71.4,83
A83027,80.2,77.3,64
A83028,79.2,75.0,80
A83029,92.6,91.3,51
A83030,73.9,67.7,109
A83032,95.1,97.1,27
A83033,72.4,66.7,76
A83035,84.5,65.9,67
A83036,83.7,84.6,90
A83037,80.6,64.3,111
A83038,92.2,89.3,59
A83041,92.7,88.6,71
A83043,89.7,90.9,27
A83044,95.7,98.1,82
A83045,57.2,58.6,89
A83046,84.1,75.8,100
A83049,94.8,93.4,161
A83050,68.2,66.8,92
A83051,85.7,85.8,100
A83052,81.7,82.1,74
A83054,71.2,67.4,125
A83055,91.0,87.7,48
A83057,82.9,84.9,155
A83060,91.3,80.8,28
A83061,100.0,98.6,40
A83066,80.7,68.1,104
A83071,77.6,80.1,38
A83072,56.7,77.9,25
A83073,94.1,95.6,52
A83074,64.8,61.5,78
A83075,80.9,81.2,71
A83610,90.2,85.9,33
A83616,82.6,93.0,73
A83617,78.5,84.3,22
A83618,82.6,85.6,66
A83619,95.2,91.2,33
A83622,94.0,90.9,17
A83626,93.3,100.0,22
A83627,96.3,97.5,63
A83634,72.2,66.4,20
A83635,79.2,73.3,36
A83636,67.5,78.8,41
A83637,83.2,85.6,36
A83644,95.0,97.9,36
G82002,77.9,71.9,76
G82006,79.5,75.2,122
G82007,55.0,48.2,39
G82013,86.4,88.7,131
G82014,46.1,43.4,93
G82015,59.1,57.7,71
G82016,84.1,81.1,96
G82018,72.0,69.3,43
G82019,85.4,79.9,116
G82020,54.5,44.9,70
G82021,78.6,75.8,133
G82022,68.6,70.3,64
G82023,58.3,52.5,39
G82024,46.9,54.5,120
G82025,86.6,84.2,172
G82026,78.4,68.3,65
G82027,75.9,79.6,111
G82028,73.4,61.9,183
G82031,77.4,68.8,88
G82032,61.9,63.5,96
G82035,64.5,51.2,63
G82036,74.5,70.6,92
G82037,77.9,71.8,133
G82038,73.7,72.5,79
G82039,71.9,68.6,141
G82041,86.4,84.0,126
G82042,82.8,78.1,149
G82044,68.2,49.2,144
G82046,63.3,59.1,39
G82048,77.3,77.9,75
G82050,69.2,53.7,165
G82051,54.1,59.6,71
G82052,71.9,66.5,123
G82053,97.5,96.7,58
G82055,78.8,79.2,81
G82056,76.6,64.7,87
G82057,62.7,51.8,70
G82058,49.7,59.4,36
G82059,82.1,71.8,154
G82060,72.4,65.3,154
G82062,61.6,53.5,15
G82063,77.3,64.8,107
G82066,75.3,73.8,98
G82067,77.6,73.5,76
G82069,64.9,61.0,80
G82071,86.4,77.8,412
G82073,82.0,75.9,87
G82074,87.8,87.7,144
G82076,61.4,58.1,102
G82077,69.2,63.3,86
G82079,91.3,88.3,97
G82080,66.5,54.9,244
G82082,87.6,86.9,151
G82083,69.9,58.2,103
G82085,65.1,68.2,78
G82086,48.9,49.9,50
G82087,84.2,69.3,152
G82089,86.0,75.8,83
G82090,71.7,70.7,137
G82091,74.1,54.4,77
G82092,69.9,72.9,60
G82093,60.4,55.2,63
G82094,78.7,76.5,92
G82095,42.7,33.6,55
G82097,63.9,63.3,103
G82098,82.5,78.9,70
G82099,59.1,52.8,197
G82100,54.0,45.4,79
G82105,69.2,70.4,133
G82106,88.3,84.7,64
G82107,76.6,83.6,75
G82108,75.8,73.6,50
G82110,89.9,84.3,65
G82111,80.9,76.0,98
G82113,63.2,57.9,52
G82114,81.8,69.3,135
G82115,86.5,68.0,95
G82117,79.5,87.9,75
G82118,69.9,52.2,98
G82119,89.5,86.1,229
G82120,88.5,81.1,140
G82121,56.9,55.1,74
G82122,71.4,49.2,249
G82125,69.2,62.8,80
G82126,87.2,73.9,141
G82129,89.9,87.9,46
G82135,63.7,53.2,131
G82137,77.9,77.7,76
G82138,73.0,73.3,36
G82139,52.4,52.9,44
G82140,79.7,70.8,118
G82141,74.5,75.4,54
G82142,89.1,84.0,98
G82143,55.1,49.4,40
G82147,81.8,83.1,52
G82150,64.2,58.8,43
G82152,89.9,81.1,60
G82154,93.8,88.5,59
G82155,76.6,79.1,50
G82158,94.0,95.6,52
G82160,71.9,67.4,94
G82161,45.0,51.4,139
G82162,92.8,85.0,52
G82164,61.5,71.0,82
G82165,74.0,79.3,78
G82170,94.2,85.7,36
G82180,94.8,98.0,47
G82184,91.2,93.1,13
G82185,72.9,60.0,67
G82186,98.9,98.8,82
G82200,83.5,79.6,91
G82203,67.3,69.9,69
G82205,67.5,64.8,55
G82211,63.0,56.9,53
G82212,61.8,58.4,49
G82215,93.8,91.1,73
G82217,48.4,44.7,18
G82218,60.2,55.8,79
G82219,69.6,69.9,33
G82224,96.9,88.0,39
G82226,71.7,75.6,39
G82227,87.8,80.2,55
G82228,74.0,59.2,186
G82229,79.5,79.8,61
G82231,68.2,56.0,49
G82232,69.0,66.9,69
G82233,55.9,53.2,50
G82234,57.8,58.8,34
G82235,69.4,64.9,40
G82600,84.4,85.6,20
G82604,90.4,94.8,138
G82631,74.1,72.5,56
G82634,67.5,56.9,79
G82635,94.7,91.8,22
G82641,72.2,66.5,45
G82647,53.4,57.4,112
G82648,81.8,73.8,33
G82650,87.1,78.5,88
G82652,95.6,94.5,31
G82658,64.1,60.8,33
G82665,73.8,76.8,43
G82666,71.4,59.4,98
G82679,63.9,56.0,45
G82682,65.1,64.5,46
G82684,75.3,67.4,36
G82687,89.0,90.8,86
G82691,97.6,95.6,33
G82693,75.6,61.1,133
G82696,90.1,87.6,25
G82697,63.5,60.7,62
G82698,59.1,53.6,24
G82700,68.7,69.6,71
G82702,54.4,45.2,42
G82708,67.4,51.6,28
G82711,82.4,89.6,35
G82719,78.0,72.1,127
G82721,77.7,71.1,27
G82729,69.6,59.2,70
G82730,88.2,86.6,109
G82733,97.1,92.5,39
G82737,71.0,67.3,78
G82741,53.6,39.9,151
G82744,72.9,67.9,270
G82753,72.7,66.7,58
G82754,91.2,91.5,34
G82763,85.2,90.4,25
G82768,86.2,87.1,66
G82780,66.0,65.2,107
G82790,95.4,92.8,61
G82796,80.2,82.3,62
G82799,71.5,57.6,102
G82802,74.3,79.1,61
G82808,66.0,57.2,63
G82809,69.1,50.4,116
G82888,70.1,56.4,41
H81002,79.7,72.4,70
H81003,75.6,80.3,147
H81004,85.2,73.4,111
H81005,91.7,81.4,61
H81006,94.7,88.7,85
H81009,63.5,61.2,105
H81010,83.1,78.9,217
H81011,76.1,69.3,65
H81013,77.0,57.4,223
H81015,48.4,53.5,51
H81016,82.1,73.7,90
H81017,78.8,70.7,162
H81019,65.0,59.6,92
H81020,93.7,92.2,119
H81021,84.1,87.6,139
H81022,96.6,98.0,51
H81023,67.5,70.5,78
H81024,56.6,47.4,76
H81025,74.1,70.6,89
H81026,88.3,84.3,104
H81027,61.6,62.4,100
H81028,85.5,85.0,104
H81029,75.4,79.2,103
H81030,74.0,65.7,214
H81031,93.4,96.4,106
H81032,73.0,73.5,128
H81033,78.7,83.2,179
H81034,79.8,76.4,73
H81035,68.4,78.3,79
H81036,59.1,65.7,62
H81038,71.0,72.5,26
H81039,83.0,65.6,55
H81040,90.5,77.6,86
H81041,74.2,74.6,81
H81042,82.0,75.4,139
H81043,91.8,92.5,99
H81044,73.9,67.6,37
H81045,82.5,82.0,87
H81046,81.3,80.3,57
H81048,87.8,86.5,91
H81050,88.4,72.9,108
H81051,83.9,80.7,120
H81052,80.2,83.8,147
H81053,96.0,95.6,89
H81055,85.3,77.0,77
H81056,68.3,62.0,118
H81057,72.4,63.8,59
H81058,83.6,83.0,86
H81061,65.8,53.5,103
H81062,92.8,86.9,180
H81064,87.0,88.1,125
H81065,81.7,61.3,80
H81066,76.6,65.7,118
H81067,70.7,70.7,97
H81068,94.4,92.8,120
H81069,78.7,74.5,181
H81070,78.3,70.2,98
H81071,83.4,76.1,92
H81072,95.1,90.0,136
H81073,72.0,74.5,181
H81074,91.6,86.6,61
H81075,65.2,67.3,77
H81076,89.5,87.2,117
H81077,95.0,89.8,82
H81078,55.2,54.7,94
H81080,83.6,79.0,92
H81081,78.6,76.6,78
H81082,81.0,71.5,82
H81084,96.2,93.0,106
H81085,85.9,80.4,100
H81086,68.2,63.3,34
H81087,76.7,78.7,118
H81088,76.2,79.2,113
H81089,83.9,83.0,183
H81090,77.2,77.6,135
H81091,79.6,72.4,114
H81094,82.4,79.2,88
H81095,75.3,68.5,28
H81099,85.7,82.5,118
H81103,85.9,90.3,74
H81104,63.1,52.4,54
H81107,90.6,88.3,72
H81109,77.5,73.3,62
H81110,75.3,78.3,50
H81111,79.6,62.2,49
H81113,92.3,91.8,80
H81116,90.6,91.5,55
H81119,93.2,85.7,204
H81122,78.1,69.1,70
H81123,71.8,75.9,24
H81126,91.6,92.6,74
H81128,88.6,85.5,77
H81129,89.0,92.0,40
H81130,95.2,91.9,154
H81131,73.1,82.2,32
H81133,81.8,67.0,261
H81134,64.3,50.2,89
H81615,66.5,62.3,95
H81618,77.1,74.3,48
H81632,91.4,85.7,28
H81638,75.5,79.5,292
H81641,82.4,81.7,32
H81642,68.3,66.2,31
H81643,79.1,78.8,32
H81644,75.6,62.1,68
H81656,72.0,76.2,53
H81658,94.7,93.5,60
H81663,58.4,55.0,21
H81672,83.0,75.2,52
J83001,63.6,46.3,91
J83002,78.4,79.0,383
J83003,73.9,72.8,100
J83004,87.3,85.5,71
J83005,74.2,71.7,81
J83006,90.4,88.9,103
J83007,74.3,70.2,119
J83008,74.5,67.8,147
J83009,83.4,67.8,128
J83010,83.1,79.9,99
J83011,81.8,78.1,122
J83013,87.6,87.3,70
J83014,86.3,74.4,137
J83016,91.3,69.9,302
J83018,67.8,59.9,125
J83019,93.0,89.7,123
J83021,81.3,73.2,201
J83022,89.9,80.9,87
J83023,71.8,67.0,64
J83024,80.8,74.6,72
J83026,72.5,67.0,181
J83027,55.7,45.4,68
J83029,69.1,69.2,63
J83030,72.5,73.5,144
J83033,71.6,56.2,153
J83034,82.4,76.1,61
J83035,75.2,64.3,108
J83036,68.6,53.6,73
J83037,71.1,68.7,126
J83038,70.4,73.3,203
J83039,78.8,59.4,106
J83040,75.9,68.4,193
J83041,91.1,83.9,159
J83042,92.8,90.6,191
J83043,68.4,70.1,49
J83045,95.3,97.9,103
J83046,85.1,81.6,135
J83047,73.2,69.1,62
J83048,94.8,90.1,66
J83049,85.1,81.6,109
J83050,73.2,64.5,112
J83052,83.6,83.8,137
J83053,80.2,78.5,63
J83055,81.2,75.3,81
J83056,82.0,85.3,48
J83057,69.4,68.7,141
J83058,98.6,96.7,45
J83059,85.3,76.9,81
J83060,100.0,98.0,54
J83064,74.3,74.8,91
J83601,99.1,97.6,44
J83603,96.4,96.4,50
J83609,88.6,90.7,32
J83615,98.1,96.9,36
J83618,88.7,84.9,31
J83619,89.2,92.4,32
J83625,87.1,88.4,77
J83629,96.0,95.5,24
J83630,96.8,100.0,26
J83633,85.7,88.3,92
J83645,64.6,63.2,28
J83646,72.5,62.0,57
K84012,87.9,80.3,72
L81010,89.9,92.3,74
L81020,78.1,77.1,76
L81025,78.7,68.2,154
L81027,96.8,89.4,88
L81030,92.2,90.0,65
L81039,87.0,77.8,239
L81045,78.7,74.3,158
L81059,76.7,68.5,69
L81065,83.9,81.6,118
L81068,75.4,73.6,103
L81069,91.3,93.1,76
L81070,92.1,88.7,86
L81071,95.3,85.0,147
L81072,88.3,90.8,95
L81073,88.8,87.6,74
L81122,89.2,84.9,52
L81123,85.3,78.8,52
L81132,90.2,86.9,46
L81617,80.9,85.6,119
L81644,70.2,69.8,63
E83003,74.2,69.5,78
E83005,72.2,68.5,45
E83006,73.6,70.2,54
E83007,46.1,39.4,24
E83008,60.1,46.8,50
E83009,79.8,77.1,103
E83010,78.4,71.9,99
E83011,66.5,62.7,73
E83012,66.0,61.8,69
E83013,63.3,62.4,37
E83016,91.2,85.9,222
E83017,75.2,72.1,135
E83018,78.5,73.6,146
E83020,69.6,64.0,82
E83021,79.0,66.5,101
E83024,63.3,59.3,75
E83025,61.0,48.2,50
E83026,71.6,67.8,30
E83027,77.7,75.3,87
E83028,72.9,75.8,45
E83030,66.1,57.1,49
E83031,85.7,80.9,52
E83032,72.6,70.0,128
E83034,76.1,66.0,40
E83035,59.8,51.3,110
E83038,68.1,68.2,64
E83039,88.8,84.1,53
E83041,84.9,85.3,42
E83044,88.7,77.0,90
E83045,88.2,86.4,87
E83046,62.9,62.4,52
E83049,53.7,55.7,39
E83050,55.0,52.4,43
E83053,69.4,62.8,99
E83600,92.4,94.4,55
E83613,66.2,59.4,76
E83621,71.7,69.2,67
E83622,69.0,60.3,63
E83637,73.0,66.3,90
E83638,77.0,80.0,42
E83639,68.8,66.3,44
E83649,82.8,78.7,38
E83653,63.1,55.4,75
E83668,80.7,83.1,34
F83002,80.5,77.6,93
F83003,85.6,87.9,74
F83004,65.2,77.0,238
F83005,75.8,80.9,191
F83006,76.0,72.3,128
F83007,87.0,81.7,35
F83008,84.0,75.5,111
F83010,84.6,80.7,203
F83011,79.9,76.1,75
F83012,79.2,77.4,65
F83015,82.2,83.3,113
F83017,84.9,84.8,163
F83018,75.8,79.3,67
F83019,82.5,83.8,118
F83020,94.1,85.9,118
F83021,70.1,80.9,135
F83022,96.9,85.6,175
F83023,61.0,63.3,152
F83032,69.4,59.7,91
F83033,85.3,85.0,60
F83034,81.0,68.7,13
F83039,83.2,82.2,42
F83042,80.4,84.2,82
F83043,65.4,69.0,138
F83044,66.8,70.4,70
F83045,83.3,81.9,84
F83048,73.4,70.4,79
F83050,90.5,89.0,34
F83052,87.3,93.4,36
F83053,79.9,72.8,68
F83055,85.7,86.4,214
F83056,65.9,65.4,70
F83057,81.4,89.2,75
F83058,88.4,89.4,116
F83059,80.2,67.6,199
F83060,78.3,76.0,59
F83061,88.9,91.4,59
F83063,83.5,79.3,124
F83064,65.6,67.2,69
F83615,80.2,62.0,67
F83623,88.5,91.2,119
F83624,79.5,82.8,156
F83632,79.6,68.8,59
F83633,86.0,81.9,46
F83635,36.3,44.8,34
F83652,82.5,80.7,108
F83658,79.3,74.3,52
F83660,64.2,65.1,60
F83664,87.1,83.1,115
F83665,88.0,93.1,159
F83666,79.1,69.8,56
F83671,62.3,66.2,21
F83672,86.4,82.3,177
F83673,89.3,82.9,61
F83674,65.5,71.9,66
F83678,88.1,91.7,20
F83680,84.9,88.1,47
F83681,70.1,65.8,67
F83683,52.8,54.3,34
F83686,85.9,89.4,96
F85002,58.4,42.5,539
F85004,56.9,46.0,72
F85007,75.5,81.5,129
F85008,65.8,66.4,84
F85010,87.1,78.0,40
F85013,66.5,69.0,64
F85014,87.5,88.8,154
F85016,68.7,70.5,50
F85017,78.0,78.6,54
F85019,74.5,66.1,114
F85020,87.3,84.1,84
F85023,77.3,75.8,91
F85025,73.3,67.1,110
F85028,71.6,69.5,54
F85029,77.9,64.5,97
F85030,75.9,58.6,101
F85031,75.3,76.4,99
F85032,65.5,66.8,64
F85033,86.9,76.6,190
F85034,71.8,70.1,63
F85035,67.2,62.3,78
F85039,78.0,70.6,54
F85044,87.9,78.0,60
F85046,76.5,77.7,91
F85058,77.6,70.2,48
F85060,76.4,68.5,45
F85061,86.8,79.3,27
F85063,89.0,89.6,159
F85064,81.7,76.2,65
F85065,75.0,64.4,25
F85066,75.6,76.2,149
F85067,71.9,68.9,35
F85069,81.7,77.1,74
F85071,73.6,64.3,91
F85072,72.9,77.4,72
F85615,76.7,75.0,47
F85623,86.5,82.2,42
F85625,82.2,82.2,58
F85628,83.8,84.5,77
F85634,66.8,66.5,62
F85640,82.8,83.5,57
F85642,73.7,70.1,68
F85650,74.4,69.5,45
F85663,61.0,61.7,29
F85666,78.4,76.8,32
F85669,78.0,70.5,195
F85675,71.0,68.9,42
F85676,71.8,60.9,40
F85678,81.4,84.6,34
F85682,78.1,79.2,49
F85687,78.2,72.6,68
F85688,79.7,67.0,85
F85697,73.1,66.2,14
F85700,72.1,67.3,58
F85701,80.6,77.6,102
F85705,69.7,66.1,91
Y00057,66.4,71.0,100
Y00316,68.7,63.0,39
Y00612,62.6,66.0,29
Y01066,78.7,77.8,71
Y01655,88.1,86.9,92
Y02117,48.3,51.0,74
Y02674,95.3,92.6,6
Y02986,83.7,84.1,45
Y03035,86.1,71.5,192
Y03103,39.6,51.6,1
Y03135,70.9,67.3,71
Y03402,74.5,64.0,140
Y03663,57.4,51.6,56
Y03664,62.2,57.6,54
Y05330,76.1,76.4,38
G81002,75.0,76.3,49
G81003,70.1,62.7,132
G81004,68.1,61.6,74
G81008,72.9,66.3,110
G81012,61.0,44.8,40
G81016,73.8,65.3,89
G81017,92.5,88.6,114
G81019,89.9,84.4,104
G81021,77.5,69.8,233
G81022,68.1,59.9,99
G81023,93.5,91.2,83
G81024,83.2,87.8,92
G81029,79.8,68.2,153
G81030,65.8,59.8,52
G81031,62.5,60.6,130
G81032,82.1,71.7,241
G81037,82.2,71.6,83
G81039,74.6,65.2,153
G81040,91.1,90.7,36
G81041,53.9,50.0,78
G81043,66.1,55.1,50
G81048,86.6,90.9,79
G81049,60.5,56.2,42
G81050,87.5,81.0,113
G81051,88.3,89.3,70
G81052,88.4,88.6,40
G81055,70.2,54.6,71
G81057,80.6,74.0,55
G81059,68.6,62.2,80
G81061,59.1,63.1,31
G81074,76.5,70.3,147
G81077,58.7,51.8,106
G81082,97.6,93.7,61
G81085,87.2,82.4,36
G81086,80.8,80.8,65
G81087,99.3,99.5,75
G81088,77.3,68.6,179
G81089,84.4,73.6,29
G81095,61.3,55.3,165
G81096,84.2,88.4,25
G81098,76.8,83.0,104
G81099,54.9,55.4,55
G81100,74.0,72.3,147
G81102,63.4,58.6,102
G81104,72.6,61.4,97
G81614,98.7,96.3,57
G81634,70.8,67.7,43
G81641,88.7,87.8,35
G81658,67.3,53.5,122
Y00080,74.5,63.8,56
N82001,79.7,60.2,50
N82002,62.6,55.3,32
N82003,92.6,92.8,39
N82004,75.9,62.9,26
N82009,85.5,78.1,76
N82011,74.4,68.0,84
N82014,83.5,79.3,58
N82018,66.4,58.4,85
N82019,76.2,64.4,38
N82022,68.5,57.1,71
N82024,70.8,66.4,91
N82026,90.2,96.1,61
N82033,72.1,58.8,44
N82034,84.4,73.6,53
N82035,84.8,79.7,76
N82036,34.7,22.7,12
N82037,63.5,47.1,77
N82039,81.6,82.7,33
N82041,63.2,63.1,81
N82046,86.2,84.6,92
N82048,82.7,76.2,61
N82049,69.2,61.8,45
N82050,81.5,71.2,21
N82052,71.0,76.5,39
N82053,76.3,66.1,124
N82054,76.0,73.4,59
N82058,87.6,80.7,50
N82059,80.9,85.6,53
N82062,79.2,76.2,58
N82065,74.8,62.2,31
N82066,82.7,77.6,80
N82067,69.6,66.4,42
N82070,81.4,69.1,84
N82073,85.8,79.2,60
N82074,73.1,71.4,70
N82076,92.0,85.3,99
N82077,84.4,72.7,24
N82078,64.1,69.1,19
N82079,86.6,82.3,57
N82081,87.3,84.1,54
N82082,81.8,72.0,84
N82083,79.1,71.0,82
N82084,64.6,50.4,43
N82086,61.5,53.8,23
N82087,88.9,80.2,22
N82089,73.6,73.2,26
N82090,86.9,77.3,90
N82091,58.6,48.7,13
N82092,91.0,77.1,80
N82093,89.3,84.6,39
N82094,68.0,60.2,59
N82095,88.8,90.9,44
N82097,64.8,58.4,55
N82099,59.6,46.8,50
N82101,67.8,47.9,19
N82103,68.5,65.3,62
N82104,77.6,78.7,34
N82106,90.6,91.0,36
N82107,85.6,77.8,18
N82108,80.8,82.3,67
N82109,88.2,86.2,48
N82110,70.4,61.8,57
N82113,70.5,56.6,58
N82115,80.7,80.0,75
N82116,85.3,79.5,69
N82117,73.3,71.0,515
N82617,74.2,79.9,92
N82633,96.0,92.7,36
N82641,81.5,85.8,48
N82645,87.9,82.3,83
N82646,64.8,58.4,58
N82648,91.2,89.5,23
N82650,76.0,82.3,37
N82651,72.8,62.0,31
N82655,95.0,95.1,23
N82662,82.8,70.4,62
N82663,92.7,88.0,41
N82664,78.3,72.1,23
N82668,91.5,86.3,31
N82669,73.6,70.1,26
N82671,56.9,53.8,16
N82676,85.0,68.2,36
N82678,93.1,84.3,30
A86005,83.5,81.9,51
A86016,87.2,73.5,86
A86041,90.4,93.4,61
A87002,81.2,82.0,186
A87004,83.5,76.5,214
A87005,89.7,89.5,129
A87007,69.1,65.0,127
A87008,80.6,83.1,71
A87009,86.1,80.5,138
A87011,87.4,81.0,59
A87012,74.9,77.1,58
A87013,71.1,68.3,68
A87016,92.7,85.8,124
A87017,78.1,75.9,54
A87020,91.5,92.0,128
A87022,86.8,84.5,82
A87029,78.7,67.5,171
A87030,83.4,73.7,52
A87612,89.3,81.7,60
A87615,75.8,83.3,42
F81006,62.8,61.1,33
F81013,84.4,82.6,110
F81023,78.5,80.7,106
F81025,84.0,79.4,86
F81029,67.0,56.1,52
F81031,43.5,35.8,33
F81036,78.1,85.1,146
F81038,81.4,78.7,112
F81041,79.8,61.8,117
F81045,78.4,66.5,54
F81055,82.9,65.7,113
F81060,56.4,57.3,26
F81080,78.5,72.1,98
F81085,75.3,73.2,104
F81102,68.0,73.9,51
F81104,43.1,45.7,21
F81108,80.8,73.3,151
F81150,79.1,81.8,98
F81158,76.8,71.6,29
F81163,65.7,67.9,47
F81186,67.6,65.0,45
F81215,87.6,81.3,89
F81222,83.2,89.9,43
F81640,80.0,78.2,35
F81645,74.2,78.0,32
F81666,57.6,47.6,20
F81707,55.0,48.7,29
F81711,70.0,65.6,25
F81729,72.8,69.6,25
F81732,83.0,69.3,57
F81737,93.2,94.8,29
Y00469,89.9,86.3,106
Y00758,73.0,60.1,18
Y03052,76.6,75.1,111
F81001,80.9,66.6,111
F81007,81.3,73.8,168
F81032,78.1,75.0,26
F81051,82.1,73.5,65
F81061,94.4,80.6,77
F81065,60.7,53.1,27
F81066,86.5,88.1,58
F81075,41.7,37.6,55
F81089,76.7,70.8,82
F81096,63.9,59.6,72
F81101,88.1,74.9,51
F81123,77.3,67.7,165
F81125,70.7,68.6,108
F81142,58.3,67.3,39
F81205,84.6,87.2,48
F81618,84.3,81.6,38
F81675,84.7,82.2,46
F81690,88.9,89.4,53
F81700,80.7,72.8,33
F81704,76.3,73.7,30
F81713,90.2,92.6,25
F81739,66.1,74.5,46
F81740,63.0,55.4,43
F81003,80.0,79.4,50
F81046,73.3,69.3,35
F81081,66.6,60.7,148
F81086,58.6,64.4,46
F81092,82.6,80.4,40
F81097,66.0,54.7,119
F81112,83.7,81.8,128
F81121,56.3,52.6,90
F81128,75.2,73.1,114
F81144,75.5,70.5,167
F81147,85.4,85.6,46
F81159,79.7,80.0,58
F81164,58.9,54.0,57
F81176,84.6,78.6,27
F81207,92.3,90.2,23
F81223,84.3,83.7,29
F81613,87.9,82.8,78
F81649,82.9,79.5,39
F81656,92.2,90.2,26
F81696,79.0,62.3,22
F81744,91.4,94.5,26
Y02177,56.4,50.2,37
Y02707,81.2,80.0,54
F82001,52.2,47.9,29
F82002,84.4,81.1,63
F82003,84.5,77.1,43
F82005,70.3,66.1,46
F82006,91.6,94.0,128
F82007,54.0,58.0,58
F82008,70.9,66.9,95
F82009,73.7,57.3,156
F82010,73.8,74.3,62
F82011,67.8,61.5,65
F82013,79.2,75.1,144
F82014,82.7,84.2,61
F82015,65.5,52.1,34
F82016,58.9,54.0,37
F82017,53.4,47.2,44
F82018,66.4,68.0,77
F82019,82.5,75.4,53
F82021,76.9,60.9,75
F82022,74.3,70.5,101
F82023,76.8,71.6,28
F82025,72.4,76.3,42
F82027,73.8,75.1,16
F82028,75.4,67.0,77
F82030,72.4,67.3,107
F82031,74.4,72.9,32
F82033,68.4,70.7,25
F82034,70.7,63.1,72
F82038,65.8,44.0,31
F82039,87.2,87.6,39
F82040,74.2,65.4,32
F82042,69.3,62.4,135
F82045,87.8,78.9,31
F82051,67.5,62.0,71
F82055,88.3,81.8,111
F82604,87.0,81.2,47
F82607,81.7,79.3,49
F82609,84.4,86.2,40
F82610,83.5,80.2,24
F82612,58.4,47.2,64
F82619,85.4,85.8,34
F82624,86.9,80.8,51
F82625,77.8,77.1,61
F82627,58.5,52.6,42
F82630,89.8,80.4,67
F82634,78.4,80.2,48
F82638,81.4,83.7,58
F82642,75.9,65.7,51
F82647,78.7,79.4,42
F82648,78.6,70.9,29
F82649,66.9,67.6,31
F82650,73.3,67.3,72
F82660,41.4,36.1,80
F82661,66.0,74.7,25
F82663,72.6,68.9,29
F82670,88.4,94.3,41
F82671,77.8,77.0,26
F82674,79.1,80.0,45
F82675,76.3,62.7,27
F82677,80.5,72.0,65
F82678,73.3,76.1,34
F82679,73.8,69.1,41
F82680,77.5,83.7,76
F82686,65.9,65.5,32
F84003,91.0,79.5,147
F84004,51.4,47.5,67
F84006,72.7,70.0,125
F84008,81.1,78.2,100
F84009,60.7,58.5,89
F84010,69.5,58.2,73
F84012,60.0,48.6,56
F84013,70.4,62.1,93
F84014,70.2,65.5,54
F84015,89.1,82.7,48
F84016,61.6,59.4,75
F84017,62.0,69.3,131
F84018,85.4,80.5,108
F84021,82.0,75.6,99
F84022,74.8,76.0,74
F84025,48.9,43.1,58
F84030,64.5,59.2,26
F84031,70.6,64.2,116
F84033,89.5,82.1,111
F84034,64.2,62.5,86
F84035,87.4,85.0,237
F84036,77.6,84.6,73
F84038,82.2,78.3,31
F84039,59.2,53.1,236
F84044,65.8,64.7,56
F84047,71.5,63.3,79
F84050,70.1,58.5,89
F84051,76.1,82.7,82
F84052,71.4,67.2,124
F84053,81.8,76.3,64
F84054,62.4,59.4,79
F84055,73.1,78.8,31
F84060,91.3,90.4,49
F84062,69.2,70.7,100
F84063,84.7,86.5,59
F84069,78.7,77.5,115
F84070,75.6,77.5,74
F84072,81.1,80.8,118
F84074,55.4,53.3,59
F84077,84.9,85.3,85
F84079,68.8,64.9,83
F84080,59.6,54.2,56
F84081,52.7,51.3,79
F84083,70.1,54.3,71
F84086,81.8,76.5,56
F84087,59.9,40.3,58
F84088,70.9,68.3,56
F84092,66.5,59.8,92
F84093,69.4,64.3,127
F84096,72.5,73.9,134
F84097,79.5,79.1,97
F84105,92.6,85.5,111
F84111,91.2,86.1,101
F84114,58.6,53.9,68
F84115,86.8,80.4,86
F84117,82.5,73.9,87
F84118,66.7,60.4,88
F84119,69.2,72.3,93
F84121,60.6,50.6,90
F84122,58.5,55.4,104
F84123,61.4,58.3,128
F84124,72.7,73.6,38
F84601,83.2,74.3,65
F84619,76.6,73.2,41
F84620,92.1,87.5,79
F84621,71.9,68.6,36
F84632,90.4,91.0,13
F84635,92.3,90.3,99
F84636,88.4,84.0,65
F84640,71.2,78.1,81
F84641,79.0,79.8,26
F84642,68.7,62.8,101
F84647,74.3,69.0,126
F84656,74.7,69.5,85
F84658,72.2,67.9,70
F84660,89.5,87.0,30
F84666,59.7,63.4,37
F84668,72.1,68.5,35
F84669,64.1,55.3,62
F84670,78.7,73.4,51
F84672,74.3,73.7,61
F84677,85.4,74.1,62
F84681,74.2,73.7,73
F84686,48.9,54.2,30
F84692,75.2,71.8,80
F84694,82.4,88.4,42
F84696,73.5,72.0,46
F84698,76.7,77.9,110
F84710,55.0,48.1,82
F84716,76.1,72.5,40
F84717,84.4,82.2,109
F84718,78.4,74.0,114
F84719,84.6,91.6,50
F84720,79.1,77.0,41
F84724,76.7,71.4,137
F84729,74.1,80.5,37
F84730,54.2,51.6,53
F84731,90.7,89.6,24
F84733,82.2,89.9,11
F84735,82.8,71.7,69
F84739,92.9,85.0,49
F84740,88.4,83.6,37
F84741,71.9,61.0,17
F84747,46.4,42.2,130
F84749,58.4,54.0,150
F86001,79.2,73.0,100
F86004,73.1,63.7,114
F86005,56.6,54.0,47
F86006,66.0,66.2,45
F86007,84.7,84.3,114
F86008,60.9,56.2,97
F86009,63.1,55.4,47
F86010,60.2,69.3,100
F86011,53.1,54.5,52
F86012,84.1,79.9,85
F86013,49.7,42.0,30
F86018,56.3,57.3,55
F86020,96.7,95.9,63
F86022,62.2,54.0,99
F86023,89.6,76.6,96
F86025,58.0,37.8,108
F86026,74.4,70.7,53
F86028,45.6,34.6,49
F86030,78.2,80.8,64
F86032,74.1,71.4,68
F86034,59.4,49.2,43
F86036,64.2,60.7,96
F86038,79.9,76.6,90
F86040,72.3,74.7,39
F86042,65.7,53.4,39
F86044,81.7,82.8,87
F86045,75.5,72.9,16
F86057,79.2,75.5,65
F86058,57.3,52.0,82
F86060,58.7,51.6,85
F86062,55.5,56.6,36
F86064,93.8,81.3,46
F86066,77.6,80.0,60
F86074,59.8,60.2,86
F86078,70.7,56.9,49
F86081,86.5,84.5,61
F86082,58.6,58.1,37
F86083,66.9,60.9,44
F86085,77.8,71.0,29
F86086,77.2,73.2,45
F86087,49.8,55.2,36
F86088,81.6,73.3,44
F86607,71.0,68.6,131
F86612,77.5,79.6,24
F86616,82.1,82.6,70
F86621,83.9,83.6,59
F86624,89.8,87.8,31
F86625,71.7,56.7,44
F86626,62.8,58.8,53
F86627,81.7,78.9,116
F86637,46.7,38.8,24
F86638,79.8,75.3,36
F86641,81.5,79.1,67
F86644,77.6,70.2,69
F86650,86.7,84.8,79
F86652,59.7,57.1,41
F86657,88.3,84.1,74
F86658,87.8,82.0,54
F86664,86.2,79.1,73
F86666,70.8,75.9,112
F86679,87.3,77.1,58
F86689,82.8,79.5,34
F86691,78.4,79.5,88
F86692,56.2,56.9,61
F86696,74.6,75.2,60
F86698,85.8,78.0,52
F86700,73.0,75.0,28
F86701,80.6,76.2,33
F86702,68.4,58.6,32
F86705,91.7,92.6,34
F86707,63.7,58.4,42
F86708,78.9,75.6,23
F86712,76.2,77.2,27
F86731,86.9,77.6,42
Y00090,60.3,58.6,50
Y00155,47.0,43.2,48
Y00312,71.1,63.7,31
Y00403,74.1,60.5,62
Y00918,73.3,57.4,49
Y01280,54.1,68.3,13
Y01291,81.7,91.4,81
Y01719,66.4,63.9,55
Y01795,69.0,61.7,54
Y01839,71.7,64.3,52
Y02575,75.3,68.9,153
Y02928,60.2,41.4,143
Y02973,74.7,82.7,62
Y02987,52.8,52.6,166
Y03023,42.4,51.7,138
Y03049,87.7,89.4,141
Y04273,63.2,68.3,133
Y06592,,,-97
Y08371,58.5,52.8,19
M84001,57.1,54.0,80
M84002,89.9,88.5,77
M84003,72.5,75.6,71
M84004,86.2,88.2,174
M84005,79.6,66.7,40
M84006,85.9,76.2,95
M84007,68.3,55.3,94
M84008,54.9,54.3,44
M84009,89.1,88.2,50
M84010,83.1,77.9,90
M84011,61.2,54.3,134
M84012,78.2,78.9,132
M84013,81.2,70.3,109
M84014,86.9,81.1,90
M84015,72.6,72.1,109
M84016,93.1,87.9,45
M84017,87.6,79.4,134
M84018,88.0,86.3,132
M84019,84.2,82.6,145
M84020,76.3,77.5,114
M84021,88.1,87.5,159
M84022,61.4,63.2,53
M84023,83.3,70.2,171
M84024,98.9,97.3,71
M84025,86.6,88.9,110
M84026,98.7,92.8,74
M84028,76.0,66.2,150
M84029,93.5,73.8,76
M84030,89.0,90.1,124
M84031,91.4,87.3,72
M84032,89.0,87.0,132
M84034,78.3,80.8,18
M84035,77.8,85.5,94
M84036,82.0,82.3,134
M84037,77.3,65.8,95
M84040,81.8,81.6,94
M84041,85.0,81.2,62
M84042,71.1,53.5,77
M84043,83.0,79.9,187
M84044,85.3,85.6,52
M84046,96.6,96.4,81
M84047,92.3,80.7,53
M84049,91.2,91.0,58
M84050,84.4,80.6,68
M84051,90.0,78.1,122
M84055,82.0,88.1,20
M84059,75.2,78.0,29
M84060,93.0,90.4,66
M84061,93.0,90.6,59
M84062,94.6,94.6,71
M84063,91.2,81.0,67
M84064,74.0,62.7,52
M84065,78.3,77.6,64
M84066,84.2,80.6,57
M84067,92.3,90.0,75
M84069,100.0,99.1,69
M84070,73.2,72.8,87
M84609,71.5,62.5,34
M84612,84.8,78.1,70
M84615,86.1,81.4,70
M84616,97.4,94.1,45
M84618,81.9,77.1,33
M84620,98.1,95.9,31
M84621,81.8,81.4,23
M84627,74.6,66.2,30
M84629,94.8,95.6,110
M86001,90.8,80.3,63
M86002,68.7,65.9,57
M86003,90.0,85.7,152
M86004,89.4,83.5,204
M86005,73.2,71.6,47
M86006,74.9,75.3,79
M86007,79.9,68.1,51
M86008,66.8,60.3,69
M86009,91.6,88.5,260
M86010,82.8,76.2,106
M86012,77.9,85.6,86
M86014,88.2,89.3,187
M86015,78.6,82.7,110
M86016,85.0,87.6,180
M86017,84.9,84.5,91
M86018,77.4,76.4,93
M86019,83.4,80.2,37
M86020,68.5,64.3,50
M86021,76.1,73.0,56
M86027,90.9,92.2,131
M86028,83.2,80.4,29
M86029,65.9,62.6,133
M86030,74.5,76.8,43
M86032,60.9,61.8,74
M86033,83.2,85.2,36
M86034,75.0,71.6,76
M86035,81.4,63.3,64
M86037,67.6,71.5,25
M86038,80.7,78.1,23
M86039,82.3,69.5,41
M86040,73.9,73.8,29
M86041,93.3,91.7,94
M86044,85.5,91.0,40
M86045,59.0,55.3,45
M86046,69.5,62.8,37
M86048,61.7,66.9,49
M86605,82.4,74.9,26
M86610,75.5,72.3,65
M86612,88.7,82.3,36
M86617,79.6,77.3,38
M86622,80.4,74.0,28
M86624,63.9,51.2,80
M86627,75.1,74.3,47
M86633,58.8,52.2,32
M86638,91.9,84.5,64
Y00060,97.3,88.3,6
Y00140,95.5,95.3,21
Y00996,87.2,87.8,41
Y04882,82.2,76.2,27
Y04884,74.1,61.5,26
Y04965,60.7,54.8,126
Y04969,61.8,60.9,28
Y06218,70.2,55.8,66
M87001,80.6,63.3,57
M87003,75.9,64.6,152
M87005,85.1,78.1,114
M87006,90.1,86.4,81
M87007,96.4,92.0,120
M87008,92.0,84.3,83
M87009,80.2,73.7,137
M87010,67.1,59.1,61
M87011,70.8,63.7,204
M87012,81.9,78.0,57
M87013,65.3,54.2,74
M87014,80.3,70.4,67
M87015,75.0,80.7,62
M87016,67.7,70.7,49
M87017,72.5,71.2,62
M87018,83.8,70.9,64
M87019,60.2,63.5,36
M87020,65.0,62.5,61
M87021,80.3,79.9,62
M87023,83.5,81.8,86
M87024,88.3,81.3,206
M87025,70.3,76.4,33
M87026,80.7,76.1,48
M87027,77.9,80.5,34
M87028,88.8,88.1,81
M87030,79.3,74.0,37
M87034,68.4,62.1,39
M87036,70.2,71.1,25
M87037,90.2,92.0,75
M87041,90.3,85.2,55
M87601,60.7,49.4,39
M87602,73.9,74.8,76
M87605,65.0,62.8,28
M87612,80.1,80.0,20
M87617,86.4,78.3,50
M87618,89.3,84.4,28
M87620,80.2,81.3,53
M87623,85.5,83.3,26
M87628,84.4,86.9,30
M87638,81.0,76.7,32
M88001,65.4,49.1,65
M88002,56.8,53.2,52
M88003,82.1,81.6,100
M88004,46.0,44.7,182
M88006,65.4,50.6,76
M88007,77.7,64.3,76
M88008,53.2,44.1,28
M88009,66.4,57.0,62
M88010,44.5,21.7,37
M88013,49.3,41.7,67
M88014,70.0,65.8,45
M88015,68.5,64.3,73
M88016,70.6,62.8,25
M88018,75.5,64.2,165
M88019,77.0,72.7,22
M88021,49.9,43.3,57
M88022,56.7,50.6,21
M88023,76.5,66.6,48
M88026,72.4,68.6,58
M88030,85.1,75.8,55
M88035,63.8,51.8,22
M88038,56.3,47.3,79
M88040,67.1,51.7,46
M88041,60.1,57.8,21
M88042,83.1,83.3,51
M88043,78.7,71.9,65
M88600,70.5,70.5,30
M88610,62.9,63.4,29
M88612,88.0,81.9,34
M88616,56.4,43.5,93
M88618,80.1,80.6,17
M88619,77.1,58.8,85
M88620,65.2,59.0,22
M88625,87.6,80.7,28
M88626,65.2,55.4,24
M88628,73.0,69.5,27
M88630,39.4,41.4,20
M88633,75.3,74.0,55
M88635,93.3,78.8,20
M88639,85.0,77.0,29
M88640,75.8,73.5,33
M88643,60.5,49.1,33
M88645,58.8,49.4,53
M88646,93.8,87.3,25
M88647,83.5,78.2,50
M91003,68.1,66.3,49
M91004,54.6,44.1,51
M91006,87.3,82.9,37
M91007,50.2,54.5,46
M91008,76.8,67.9,70
M91009,81.4,79.0,48
M91010,86.8,79.7,80
M91013,75.3,71.1,79
M91014,69.4,66.1,22
M91015,75.9,66.7,170
M91016,68.1,70.7,48
M91017,90.5,88.6,97
M91018,79.5,71.8,39
M91019,79.4,67.2,119
M91021,86.7,76.7,67
M91024,90.7,87.5,25
M91026,65.4,60.2,35
M91028,79.1,70.7,103
M91029,76.1,68.1,41
M91032,70.3,73.7,35
M91033,91.4,83.2,59
M91034,91.0,88.4,48
M91036,79.0,84.1,29
M91602,90.4,95.9,20
M91609,88.7,90.7,20
M91611,87.7,83.3,25
M91612,85.7,82.7,29
M91613,69.4,62.7,65
M91614,84.7,79.0,74
M91616,72.5,67.0,58
M91619,71.5,71.1,43
M91621,70.8,65.9,34
M91623,73.9,78.2,15
M91624,73.0,69.1,27
M91626,79.6,71.5,37
M91628,90.8,83.3,29
M91629,88.8,84.7,59
M91637,77.1,75.9,32
M91639,85.5,95.2,15
M91640,77.7,77.1,29
M91641,71.4,66.9,28
M91647,80.4,78.7,44
M91650,71.6,65.4,66
M91654,57.6,55.1,19
M91659,70.8,70.2,23
M92001,88.3,93.1,31
M92004,78.0,75.9,23
M92006,83.3,62.8,41
M92008,84.2,67.5,113
M92009,68.7,58.3,91
M92010,88.3,84.0,103
M92011,73.7,64.9,279
M92012,81.0,75.8,96
M92013,77.7,71.8,55
M92015,79.1,82.8,29
M92016,81.5,69.8,181
M92019,60.4,51.1,37
M92022,70.0,65.2,27
M92026,81.6,78.0,42
M92028,64.4,67.7,61
M92029,93.9,93.4,58
M92039,77.6,74.0,54
M92040,82.8,71.5,98
M92041,90.8,87.3,43
M92043,91.0,93.4,66
M92607,70.7,62.6,125
M92609,81.8,87.7,50
M92612,70.6,51.7,265
M92627,80.6,83.3,33
M92629,72.0,71.4,29
M92630,71.7,81.5,42
M92649,83.9,73.9,37
M92654,68.5,61.1,46
Y00228,63.6,70.2,16
Y00278,82.9,74.5,29
Y01756,89.9,85.3,58
Y02212,61.5,52.1,16
Y02626,66.5,64.1,29
Y02627,71.4,69.6,78
Y02636,80.3,74.4,53
Y02653,77.0,69.7,31
Y02701,59.4,49.8,47
Y02736,75.6,71.0,48
Y02757,66.6,71.3,83
J82001,86.1,79.6,86
J82002,78.3,70.7,114
J82005,94.5,82.4,47
J82007,86.7,82.1,321
J82009,88.8,82.1,145
J82010,83.1,77.3,161
J82012,88.5,87.2,106
J82015,75.5,74.1,75
J82016,94.6,92.7,89
J82017,81.6,76.5,114
J82018,89.0,87.0,171
J82019,91.2,85.4,142
J82020,71.6,63.8,105
J82021,87.6,81.6,83
J82024,70.7,63.3,158
J82025,87.6,88.8,138
J82026,73.9,66.6,130
J82033,65.1,50.0,63
J82034,88.8,88.8,131
J82035,79.7,67.4,138
J82036,94.7,87.0,27
J82039,74.9,74.5,89
J82040,76.8,77.0,134
J82042,74.1,76.8,124
J82049,76.6,68.0,236
J82050,88.1,88.5,217
J82051,56.5,55.6,215
J82053,94.1,94.3,107
J82056,63.0,58.5,146
J82058,62.2,48.7,123
J82059,95.4,90.3,71
J82061,80.1,76.7,109
J82062,89.6,77.9,142
J82064,74.7,70.2,108
J82066,65.5,62.8,143
J82067,76.3,73.2,153
J82069,49.3,44.9,264
J82071,88.3,82.2,119
J82072,54.1,49.8,64
J82074,91.3,84.3,151
J82075,85.4,89.1,64
J82076,72.9,64.6,163
J82079,83.7,81.2,67
J82080,84.2,88.6,375
J82081,73.4,61.2,213
J82082,66.2,64.1,84
J82083,66.1,57.1,327
J82084,59.8,56.2,37
J82087,88.0,92.4,69
J82088,70.8,58.3,102
J82092,81.2,85.3,68
J82094,86.3,79.2,176
J82098,80.8,72.0,312
J82099,78.4,81.0,119
J82101,86.4,82.5,175
J82103,93.8,92.0,122
J82104,57.1,59.5,77
J82106,95.5,88.9,69
J82110,67.9,64.1,194
J82112,60.3,46.6,147
J82115,92.2,87.5,55
J82116,92.2,94.9,96
J82119,86.7,86.7,93
J82120,92.1,91.1,98
J82121,81.6,76.7,81
J82122,59.1,48.5,66
J82124,89.2,85.5,94
J82125,78.6,72.6,65
J82126,80.0,83.3,38
J82128,82.4,67.8,73
J82129,72.7,76.4,59
J82130,90.0,81.6,221
J82131,84.7,78.8,111
J82132,69.3,71.9,101
J82134,44.9,33.6,115
J82136,80.6,90.9,96
J82138,61.5,59.7,113
J82139,85.7,67.1,146
J82142,67.1,62.5,78
J82143,85.4,76.6,147
J82144,58.5,54.2,165
J82145,51.1,50.2,92
J82146,91.7,88.1,56
J82147,80.9,77.8,66
J82150,88.0,72.2,111
J82151,89.0,88.6,52
J82152,67.8,56.7,59
J82154,39.0,41.3,142
J82156,88.7,84.9,78
J82157,86.6,75.6,152
J82161,83.5,84.4,92
J82163,56.4,42.9,97
J82169,79.3,83.6,68
J82174,70.2,64.4,104
J82178,85.2,84.0,111
J82181,67.7,66.2,64
J82184,89.0,73.0,39
J82196,79.4,81.0,124
J82198,68.8,62.6,41
J82201,80.1,85.8,65
J82207,91.7,94.7,110
J82208,94.5,87.2,70
J82210,71.5,73.8,74
J82213,67.8,63.5,42
J82214,85.1,82.3,86
J82215,67.5,69.3,95
J82216,75.2,70.3,105
J82217,100.0,100.0,4
J82218,77.8,64.6,135
J82605,83.7,90.3,43
J82622,61.1,59.6,290
J82625,97.8,97.1,49
J82628,72.6,62.2,43
J82630,77.4,71.5,48
J82639,91.0,91.2,180
J82640,88.1,85.1,64
J82646,74.4,70.2,123
J82669,51.2,39.2,45
J84003,81.1,76.1,73
J84004,87.0,80.7,80
J84005,72.2,72.7,67
J84007,80.0,81.6,58
J84008,81.5,85.0,47
J84011,68.5,70.4,174
J84012,82.5,79.3,124
J84013,76.7,71.1,225
J84015,61.4,64.5,99
J84016,74.1,77.6,53
J84017,77.9,78.3,71
J84019,83.8,85.4,104
Y01281,93.6,95.4,46
Y07014,65.8,55.9,91
E81002,82.8,80.8,84
E81003,68.4,74.0,143
E81004,65.1,54.9,79
E81005,79.7,71.2,86
E81006,73.5,70.7,70
E81007,83.6,88.4,58
E81008,68.2,52.5,84
E81009,85.7,85.4,109
E81010,92.2,81.8,83
E81012,77.1,65.6,102
E81013,66.3,64.9,107
E81014,78.3,62.9,141
E81015,76.8,70.3,110
E81016,46.2,38.8,29
E81018,72.5,61.8,97
E81019,75.6,76.9,164
E81021,63.7,72.1,136
E81022,66.9,69.7,127
E81024,83.2,82.2,53
E81025,69.4,62.8,51
E81026,80.9,68.4,79
E81027,50.7,52.4,65
E81028,71.3,61.9,107
E81029,75.7,76.3,138
E81030,59.0,54.9,62
E81031,74.7,70.8,40
E81032,73.4,62.3,343
E81033,71.7,73.0,144
E81034,76.0,73.7,63
E81035,64.7,59.0,66
E81036,53.1,49.2,68
E81037,68.3,67.3,266
E81038,75.4,73.4,167
E81040,73.3,67.5,70
E81041,63.1,60.0,84
E81043,65.1,63.0,70
E81044,63.3,57.3,123
E81045,75.1,66.3,79
E81046,88.4,81.1,112
E81047,70.5,63.1,130
E81048,85.1,79.8,90
E81049,81.9,79.4,67
E81050,87.2,84.5,116
E81052,71.7,63.3,61
E81057,60.2,55.5,132
E81060,86.9,87.1,54
E81061,79.0,77.2,55
E81063,77.7,74.5,68
E81069,71.5,63.9,37
E81073,67.0,63.1,118
E81074,78.6,78.0,96
E81076,84.8,72.4,45
E81612,66.2,54.4,36
E81615,81.7,84.2,35
E81617,86.6,82.5,46
E81631,74.5,65.4,71
E81632,71.6,62.0,60
E81633,70.2,65.0,35
E81635,81.4,81.3,62
K82003,69.6,57.2,109
K82009,74.5,70.5,312
K82013,82.2,79.1,121
K82015,55.6,52.2,57
K82016,70.3,66.1,210
K82025,89.7,86.0,101
K82026,75.9,62.7,159
K82027,65.1,43.3,41
K82032,70.8,70.0,87
K82039,72.3,70.0,115
K82054,62.0,64.0,66
K82057,89.4,83.8,84
K82059,75.6,68.7,66
K82064,79.4,76.1,60
K82065,64.7,62.5,141
K82610,76.5,71.1,65
K82615,73.0,72.7,108
K82617,87.4,84.7,72
K82631,84.4,79.6,135
K82633,67.8,63.7,108
Y00560,81.9,80.6,134
Y02332,56.3,58.7,98
Y02463,76.4,72.1,96
Y02900,55.1,40.8,110
Y06810,43.6,34.9,63
Y07040,15.3,27.2,0
M82002,77.0,78.8,80
M82003,74.0,69.7,183
M82004,65.8,47.1,136
M82005,87.4,74.6,89
M82006,77.7,71.5,95
M82007,74.9,54.9,117
M82008,82.1,80.0,65
M82009,59.8,61.8,68
M82010,82.9,80.5,148
M82011,84.2,80.2,39
M82012,52.5,36.2,73
M82013,79.3,76.8,22
M82014,83.0,94.6,85
M82016,82.9,83.4,92
M82017,77.9,79.6,38
M82018,87.5,85.1,65
M82019,79.2,80.4,74
M82020,88.8,86.2,40
M82021,88.0,86.4,80
M82022,85.3,81.7,125
M82023,95.5,94.5,76
M82024,100.0,98.6,42
M82025,71.7,71.7,160
M82026,83.4,65.4,112
M82028,89.7,78.1,141
M82030,89.4,78.9,98
M82032,56.0,56.3,94
M82033,94.9,93.7,57
M82034,91.6,92.9,78
M82035,79.3,82.5,103
M82038,51.7,49.4,71
M82039,54.9,53.4,88
M82040,90.0,87.0,59
M82041,97.7,95.2,75
M82042,55.4,52.5,34
M82043,90.3,82.9,73
M82046,95.7,97.1,40
M82047,80.5,75.7,92
M82048,81.3,79.8,57
M82051,79.7,72.1,40
M82056,95.4,95.0,158
M82057,92.5,88.7,70
M82058,95.9,95.4,42
M82059,93.5,94.5,161
M82060,94.2,91.3,89
M82601,69.1,73.8,18
M82606,68.4,56.8,40
M82616,79.4,74.6,66
M82620,90.6,92.5,29
Y01929,51.8,41.9,264
H81047,82.2,76.9,102
K81001,54.2,55.4,85
K81010,64.8,53.9,50
K81015,82.5,76.7,30
K81018,82.1,84.6,87
K81019,82.6,82.0,47
K81020,78.7,87.1,153
K81021,78.3,70.4,82
K81024,75.1,67.4,169
K81028,60.6,68.0,56
K81030,59.1,53.5,246
K81034,73.0,65.9,87
K81036,78.1,84.9,97
K81042,73.0,72.9,60
K81043,79.5,72.2,144
K81046,70.6,71.1,61
K81060,63.7,49.1,80
K81066,65.0,61.7,76
K81068,90.2,86.1,88
K81074,78.3,77.8,129
K81075,71.3,64.1,268
K81076,81.1,79.5,79
K81082,68.1,66.0,72
K81083,65.1,54.1,113
K81084,75.4,79.7,59
K81085,60.3,65.2,61
K81086,74.1,73.2,87
K81087,84.3,77.0,59
K81094,70.0,71.6,32
K81097,71.2,65.8,42
K81607,54.8,48.8,18
K81608,72.6,72.2,36
K81610,63.4,55.4,202
K81616,72.5,75.1,41
K81630,80.4,85.6,111
K81645,71.4,63.4,51
K81655,65.0,67.5,46
K81656,72.9,82.0,50
K81657,86.0,84.6,51
Y00265,63.4,63.8,96
Y00437,57.4,53.5,59
E84002,82.8,84.7,65
E84003,74.7,69.1,117
E84004,71.3,67.8,57
E84005,70.7,70.2,55
E84006,70.0,72.2,126
E84007,58.9,51.6,36
E84008,78.6,73.6,85
E84009,67.7,57.0,85
E84011,63.6,53.5,12
E84012,87.3,89.5,77
E84013,88.0,84.1,75
E84014,72.9,71.4,74
E84015,69.1,74.4,109
E84017,55.4,54.6,47
E84018,88.0,82.8,72
E84020,64.0,62.1,43
E84021,81.2,86.7,138
E84022,71.5,56.8,52
E84024,68.0,63.4,145
E84025,67.4,59.4,135
E84028,78.8,80.7,51
E84030,71.9,58.0,33
E84031,89.6,82.6,86
E84032,54.9,42.8,38
E84033,71.8,74.4,48
E84036,85.0,87.8,81
E84039,88.9,81.2,163
E84040,60.6,60.8,28
E84042,69.3,72.8,50
E84044,61.5,64.4,72
E84048,75.9,68.1,62
E84049,77.8,77.7,55
E84051,75.7,83.1,50
E84053,78.4,80.1,27
E84057,57.3,60.8,74
E84058,80.5,92.3,213
E84059,56.2,50.7,28
E84061,94.4,89.0,111
E84062,83.4,73.3,48
E84063,69.1,62.1,67
E84066,49.3,59.7,553
E84067,83.7,75.6,85
E84068,76.2,68.6,116
E84069,82.3,82.1,157
E84070,86.4,79.3,50
E84074,81.3,76.7,105
E84075,72.5,66.6,88
E84076,61.5,61.8,41
E84078,81.0,78.8,44
E84080,84.1,82.0,75
E84083,91.1,88.0,57
E84086,87.7,80.8,65
E84601,88.7,86.2,71
E84617,57.2,57.8,43
E84620,68.7,60.4,45
E84626,81.0,84.9,41
E84635,76.1,73.5,44
E84637,71.4,72.8,34
E84638,76.0,73.0,50
E84645,77.6,80.0,69
E84646,93.8,88.6,67
E84647,58.9,65.4,29
E84653,69.2,64.7,51
E84656,83.6,71.2,51
E84658,90.6,90.8,48
E84663,74.5,80.4,62
E84665,70.1,67.7,66
E84674,68.6,66.1,38
E84676,79.1,83.7,32
E84678,86.9,91.6,42
E84680,74.8,72.6,39
E84684,73.3,65.4,35
E84685,71.0,65.9,58
E84693,94.9,92.3,96
E84699,88.2,87.1,37
E84701,85.2,89.4,45
E84702,90.0,91.2,123
E84704,95.1,79.9,24
E84709,67.6,61.6,171
E85001,78.2,73.0,72
E85003,83.2,83.1,174
E85004,69.5,61.6,52
E85005,69.6,77.0,38
E85006,77.6,71.2,39
E85007,80.6,77.9,107
E85008,89.8,88.1,63
E85012,83.9,84.1,46
E85013,84.1,72.1,51
E85014,62.8,54.6,55
E85015,76.7,75.2,78
E85016,79.8,79.6,101
E85019,75.8,59.6,70
E85020,95.6,93.5,160
E85021,80.8,86.3,56
E85023,68.8,63.1,22
E85024,77.2,73.1,42
E85025,64.0,69.2,80
E85026,77.8,77.0,126
E85028,82.0,77.1,77
E85029,72.7,68.7,117
E85030,89.7,83.4,66
E85032,67.4,59.1,34
E85033,74.1,71.8,94
E85034,84.3,74.7,48
E85035,86.1,83.5,64
E85038,77.8,83.6,44
E85040,80.4,76.2,69
E85041,77.5,80.3,50
E85042,80.9,78.7,65
E85045,79.9,74.9,28
E85046,76.8,76.8,48
E85048,73.3,65.6,58
E85049,55.7,48.9,50
E85050,75.9,69.9,62
E85051,85.7,80.7,45
E85052,67.2,61.7,51
E85053,66.3,71.5,23
E85054,66.2,59.2,78
E85055,78.1,85.7,98
E85056,67.8,69.4,51
E85057,76.1,77.0,83
E85058,61.2,56.7,47
E85059,77.3,72.3,67
E85060,81.9,84.9,54
E85061,75.6,71.3,48
E85062,89.5,82.8,123
E85064,91.3,84.6,64
E85066,85.5,88.2,35
E85069,84.5,87.6,47
E85071,80.7,86.3,19
E85074,81.6,80.9,56
E85075,81.9,82.9,40
E85077,78.9,77.6,31
E85083,92.0,86.5,61
E85088,82.7,75.4,53
E85090,86.1,78.4,51
E85091,68.7,72.2,24
E85096,77.3,75.8,52
E85098,68.7,68.4,43
E85099,89.9,80.3,60
E85103,65.6,63.5,24
E85107,80.6,72.5,60
E85108,79.2,83.1,40
E85109,86.3,84.9,37
E85111,83.9,77.9,46
E85112,69.5,64.8,63
E85113,89.4,88.8,64
E85114,89.0,84.0,70
E85115,78.8,80.8,32
E85116,79.8,81.6,48
E85118,84.1,89.2,64
E85119,78.7,81.3,114
E85120,74.2,62.3,58
E85121,65.5,57.9,101
E85122,69.2,71.3,105
E85123,62.3,62.4,57
E85124,67.9,62.9,780
E85125,81.9,84.3,51
E85126,70.4,74.2,80
E85127,59.3,51.0,53
E85128,71.0,69.2,92
E85129,84.3,74.9,53
E85130,84.4,81.6,39
E85600,79.7,84.1,56
E85605,71.7,63.0,61
E85617,,,-97
E85623,76.9,74.1,23
E85624,75.5,70.2,57
E85628,79.3,68.6,77
E85633,57.1,49.9,59
E85635,77.9,76.7,44
E85636,90.2,88.8,135
E85640,67.8,68.6,26
E85643,88.1,80.9,61
E85649,73.1,76.1,36
E85656,64.2,62.0,35
E85657,85.0,75.6,103
E85658,87.3,87.8,42
E85659,67.0,65.4,16
E85663,75.5,73.5,83
E85677,84.5,81.1,70
E85680,69.4,65.9,75
E85681,80.4,76.3,74
E85682,59.4,61.4,36
E85683,78.6,74.3,34
E85685,83.3,78.1,104
E85687,85.9,83.9,49
E85693,64.3,59.3,148
E85694,85.7,77.6,47
E85696,83.1,83.2,67
E85697,83.5,79.4,53
E85699,66.2,61.4,45
E85707,75.2,81.3,59
E85708,72.8,73.9,59
E85712,65.2,60.2,67
E85713,77.7,75.3,51
E85715,70.2,65.6,54
E85716,75.0,71.0,126
E85718,74.3,71.7,39
E85719,85.4,84.5,92
E85721,93.5,93.7,21
E85725,88.9,86.4,70
E85726,83.8,85.8,29
E85734,61.6,58.3,38
E85735,77.1,80.6,52
E85736,77.9,71.6,56
E85739,69.2,63.9,71
E85743,71.1,80.9,23
E85744,86.5,82.2,85
E85745,76.1,76.6,63
E85746,76.6,73.1,30
E85748,59.2,56.5,39
E85750,88.0,90.4,68
E86001,89.5,76.4,105
E86004,69.5,76.5,76
E86005,72.9,62.5,52
E86006,86.2,74.9,74
E86007,64.2,46.2,60
E86009,91.0,86.9,82
E86010,68.4,74.4,109
E86011,93.8,93.1,58
E86012,75.4,71.5,88
E86014,86.4,80.5,61
E86015,64.9,54.7,112
E86016,85.4,90.0,54
E86017,69.8,59.3,151
E86018,70.2,59.3,58
E86019,80.1,84.2,57
E86020,80.8,77.3,42
E86022,89.7,88.4,56
E86024,79.0,79.7,37
E86026,75.5,62.3,63
E86027,72.1,79.9,51
E86028,81.8,79.6,70
E86029,68.7,72.0,71
E86030,78.6,73.1,107
E86033,62.2,52.7,40
E86034,69.7,66.2,18
E86036,82.6,78.6,73
E86038,85.3,83.1,62
E86041,69.2,65.8,38
E86042,70.9,80.4,55
E86605,90.5,84.6,24
E86609,77.2,78.4,80
E86610,58.0,49.9,19
E86612,69.1,65.3,40
E86615,78.7,74.1,20
E86618,79.2,81.0,56
E86619,62.1,72.9,20
E86620,69.9,71.3,36
E86625,73.9,71.8,21
E86626,72.9,76.4,45
E86629,70.9,73.9,26
E86632,66.7,62.1,39
E86637,75.7,72.5,54
E86640,97.3,95.9,55
E87002,66.5,54.2,126
E87003,86.8,76.6,48
E87004,86.7,83.7,103
E87005,83.7,71.7,83
E87006,87.1,90.5,45
E87008,77.2,78.1,102
E87009,89.3,85.8,39
E87010,79.2,70.5,52
E87011,64.5,53.6,55
E87013,86.2,82.8,153
E87016,92.4,85.7,131
E87021,84.3,87.8,46
E87024,88.8,84.4,52
E87026,84.1,91.8,22
E87029,83.7,88.7,79
E87034,86.5,81.6,140
E87037,61.0,70.4,77
E87038,88.2,88.8,45
E87043,82.6,85.3,60
E87045,74.3,74.7,46
E87046,55.5,51.8,75
E87047,82.4,78.1,66
E87048,85.4,85.6,34
E87052,66.8,68.1,24
E87061,88.0,85.4,131
E87063,76.5,71.7,132
E87065,85.1,86.4,35
E87066,77.7,65.8,71
E87067,90.7,93.7,106
E87069,77.9,76.5,27
E87070,70.1,68.3,57
E87609,86.2,79.8,206
E87637,83.3,82.2,190
E87648,93.6,91.2,46
E87663,87.4,85.2,31
E87665,95.1,97.8,68
E87677,67.5,74.6,154
E87681,81.9,78.2,133
E87701,92.7,94.5,90
E87702,92.0,92.7,32
E87706,71.9,73.2,33
E87711,99.1,97.9,3
E87714,87.9,86.1,64
E87715,80.4,78.9,67
E87720,83.9,89.9,86
E87722,84.9,87.3,66
E87733,82.8,84.1,43
E87737,79.3,88.1,88
E87738,84.2,80.2,143
E87739,78.2,81.7,83
E87741,75.5,81.1,28
E87742,92.1,90.2,30
E87745,82.5,67.8,88
E87746,80.0,80.3,44
E87750,85.9,93.2,40
E87751,92.9,90.5,21
E87753,77.2,80.7,95
E87754,90.4,96.1,67
E87755,95.0,90.4,32
E87756,,,-97
E87762,89.6,86.9,87
E87768,71.4,88.4,193
E87772,92.5,96.6,5
Y00200,79.6,76.4,38
Y00206,68.6,66.6,69
Y00352,81.5,75.5,183
Y00507,73.9,80.8,29
Y00902,84.0,84.8,31
Y01011,63.4,63.8,72
Y01090,88.0,86.7,77
Y01221,65.7,58.9,23
Y02342,79.6,76.1,77
Y02589,64.2,66.0,74
Y02671,76.5,79.0,139
Y02672,81.5,79.9,107
Y02692,73.8,81.0,121
Y02842,77.1,79.5,70
Y02906,60.2,60.0,63
Y03441,67.2,63.2,72
Y03528,,,-97
Y04225,87.6,76.3,11
Y05080,79.0,82.5,25
B85001,68.8,77.7,48
B85002,92.8,93.6,43
B85004,88.9,84.6,53
B85005,88.7,82.8,63
B85006,94.8,96.9,156
B85008,76.6,77.8,46
B85009,73.7,72.9,65
B85010,72.6,66.2,49
B85012,69.4,55.3,74
B85014,86.8,74.8,86
B85015,86.4,76.5,77
B85016,76.7,71.6,76
B85018,77.2,74.1,71
B85019,79.4,79.1,145
B85020,78.0,75.4,51
B85021,73.8,64.9,71
B85022,89.1,82.4,76
B85023,72.6,65.1,47
B85024,73.4,53.5,70
B85025,83.5,78.0,103
B85026,75.3,62.7,63
B85027,81.7,76.6,86
B85028,79.0,79.7,132
B85030,77.0,74.5,73
B85031,77.0,84.9,57
B85032,85.3,89.2,53
B85033,74.6,76.6,42
B85036,83.9,85.8,72
B85037,66.1,59.7,38
B85038,90.1,80.0,54
B85041,73.2,70.4,113
B85042,70.6,76.0,63
B85044,73.3,68.1,20
B85048,59.5,48.3,25
B85051,74.0,64.5,54
B85054,92.8,89.9,100
B85055,65.1,65.9,78
B85058,95.5,91.6,29
B85059,91.0,84.9,78
B85060,90.3,83.6,23
B85061,88.2,85.5,89
B85062,87.9,83.3,147
B85606,74.5,73.4,35
B85610,89.1,87.9,99
B85611,84.3,83.5,32
B85612,80.1,85.5,36
B85614,66.0,62.6,43
B85619,87.1,80.0,27
B85620,95.7,95.2,27
B85623,82.6,77.5,28
B85634,88.7,84.0,30
B85636,94.6,94.4,43
B85640,72.3,67.0,27
B85641,66.9,66.2,30
B85645,69.5,64.8,16
B85646,77.2,70.0,49
B85650,70.2,54.8,32
B85652,67.0,47.7,49
B85655,90.1,91.8,24
B85659,84.8,82.1,15
B85660,82.4,81.9,56
Y04266,82.7,79.6,33
Y06659,59.0,51.5,20
Y07275,77.8,75.6,23
